Accident_ID,Date,Time,Weather,Road_Conditions,Severity,Latitude,Longitude
1,2023-01-10,23:00:00,Snow,Snowy,Severe,36.9963209507789,-110.03928405993935
2,2023-02-07,21:00:00,Clear,Icy,Moderate,41.605714451279326,-94.6982592627306
3,2023-01-07,12:00:00,Hail,Snowy,Severe,39.85595153449124,-80.46332905731444
4,2023-02-09,05:00:00,Snow,Dry,Severe,38.78926787357629,-86.51432988438887
5,2023-01-10,10:00:00,Fog,Snowy,Severe,35.24814912353949,-83.31787064195765
6,2023-01-12,18:00:00,Hail,Snowy,Minor,35.24795616268962,-89.67231523143916
7,2023-01-27,13:00:00,Snow,Icy,Minor,34.4646688973456,-88.23210772573235
8,2023-02-07,17:00:00,Hail,Icy,Moderate,40.929409166199484,-81.48458698269127
9,2023-02-05,17:00:00,Rain,Snowy,Minor,38.80892009394567,-107.264275619055
10,2023-01-17,07:00:00,Rain,Icy,Moderate,39.66458062236836,-96.95472656334496
11,2023-01-08,05:00:00,Clear,Wet,Minor,34.164675954366416,-108.4879940017571
12,2023-02-11,12:00:00,Clear,Icy,Severe,41.75927881729596,-75.53027565614417
13,2023-01-26,15:00:00,Rain,Icy,Minor,40.659541126403376,-77.40544839347564
14,2023-01-31,11:00:00,Hail,Icy,Moderate,35.69871288542621,-116.30464711115425
15,2023-01-09,01:00:00,Rain,Icy,Minor,35.45459973765681,-87.6602675818254
16,2023-01-25,08:00:00,Clear,Dry,Severe,35.46723607882747,-78.21432235112637
17,2023-01-24,15:00:00,Rain,Dry,Moderate,36.4339379436763,-110.23526015952466
18,2023-02-05,18:00:00,Rain,Dry,Severe,38.1980514530579,-93.57835508623694
19,2023-02-03,23:00:00,Hail,Snowy,Severe,37.45556014913693,-78.6340032037142
20,2023-01-10,21:00:00,Snow,Snowy,Moderate,36.329833121584336,-116.54032292081065
21,2023-01-29,08:00:00,Clear,Wet,Severe,38.89482315777904,-88.01092850838589
22,2023-01-26,13:00:00,Hail,Dry,Severe,35.115950885216336,-105.21399268298032
23,2023-01-25,14:00:00,Rain,Snowy,Minor,36.33715718828174,-78.2509635988092
24,2023-02-05,18:00:00,Rain,Icy,Severe,36.93089474634954,-76.24449545788919
25,2023-01-11,18:00:00,Snow,Icy,Severe,37.64855987373629,-77.39654096812234
26,2023-02-06,09:00:00,Clear,Dry,Severe,40.28140769114411,-97.60878868372906
27,2023-01-19,23:00:00,Clear,Wet,Severe,35.59739025726688,-80.93216600745953
28,2023-01-23,01:00:00,Fog,Wet,Moderate,38.11387550730889,-81.68437586299197
29,2023-01-09,16:00:00,Clear,Icy,Minor,38.73931655089634,-104.27867965054001
30,2023-01-29,07:00:00,Snow,Wet,Severe,34.37160330175998,-82.35663461152087
31,2023-02-08,14:00:00,Fog,Dry,Severe,38.860358815211505,-116.40867170723382
32,2023-02-11,13:00:00,Fog,Icy,Moderate,35.364192989498335,-92.36039522527172
33,2023-01-22,22:00:00,Rain,Snowy,Severe,34.52041274388223,-108.10961999662877
34,2023-01-03,02:00:00,Rain,Snowy,Moderate,41.591084298026665,-112.815623911577
35,2023-01-27,16:00:00,Clear,Wet,Minor,41.725056264596475,-114.691012329944
36,2023-01-17,03:00:00,Fog,Icy,Minor,40.46717878493169,-88.05958263724
37,2023-02-10,00:00:00,Rain,Icy,Severe,36.43691015338697,-103.38537655797316
38,2023-01-28,20:00:00,Snow,Snowy,Severe,34.78137691205107,-86.83502882426326
39,2023-02-01,00:00:00,Rain,Icy,Severe,39.473864212097254,-115.18967734564548
40,2023-01-09,22:00:00,Rain,Icy,Moderate,37.52121994991681,-104.44251547328375
41,2023-01-07,20:00:00,Fog,Icy,Severe,34.97630587875823,-94.8018744278605
42,2023-01-20,20:00:00,Fog,Wet,Severe,37.961415280890165,-83.99890391192457
43,2023-01-28,23:00:00,Hail,Icy,Minor,34.27510816892175,-104.29364237392099
44,2023-02-09,23:00:00,Snow,Dry,Severe,41.274563216630256,-91.08667081320861
45,2023-01-09,12:00:00,Fog,Wet,Minor,36.070239852800135,-79.90295682584394
46,2023-02-08,19:00:00,Clear,Icy,Severe,39.30017827483186,-91.5178829081609
47,2023-01-18,07:00:00,Snow,Icy,Minor,36.49368860871529,-107.98274258559374
48,2023-01-28,08:00:00,Snow,Dry,Severe,38.16054416942249,-116.95076639306886
49,2023-01-21,06:00:00,Fog,Wet,Minor,38.37368223474624,-80.58574842226002
50,2023-02-06,16:00:00,Snow,Snowy,Moderate,35.47883564420422,-117.08541533343335
51,2023-02-07,03:00:00,Fog,Snowy,Minor,41.75667702211647,-80.38782807457943
52,2023-01-06,18:00:00,Rain,Wet,Minor,40.201062586888916,-95.25570323682989
53,2023-01-14,01:00:00,Hail,Icy,Minor,41.51599153251351,-77.62008896394546
54,2023-01-07,06:00:00,Rain,Icy,Severe,41.15861880342119,-83.65232086173239
55,2023-01-14,07:00:00,Fog,Snowy,Severe,38.783199830488684,-75.08883324706649
56,2023-01-01,06:00:00,Fog,Snowy,Severe,41.37499388018493,-102.91939193557647
57,2023-01-04,00:00:00,Rain,Snowy,Moderate,34.70794001641536,-85.01090357596155
58,2023-01-25,09:00:00,Clear,Dry,Moderate,35.56786289935316,-100.71697071480259
59,2023-01-06,05:00:00,Clear,Snowy,Minor,34.3618183112843,-97.36534832693192
60,2023-01-25,13:00:00,Clear,Dry,Moderate,36.60264264610611,-91.01726508161009
61,2023-01-31,23:00:00,Fog,Wet,Minor,37.10941831751585,-80.43188408998743
62,2023-02-08,19:00:00,Snow,Icy,Minor,36.17079225419117,-75.6844108244303
63,2023-02-10,05:00:00,Fog,Snowy,Minor,40.62990007321544,-84.96424320382572
64,2023-01-13,06:00:00,Snow,Icy,Moderate,36.85402661354871,-100.03602836680464
65,2023-02-08,21:00:00,Rain,Icy,Severe,36.247476077499044,-99.88164890208598
66,2023-01-16,02:00:00,Hail,Snowy,Moderate,38.34156866526599,-86.28396103167766
67,2023-02-05,18:00:00,Snow,Snowy,Minor,35.1273937997981,-107.73258273196299
68,2023-02-05,07:00:00,Clear,Wet,Minor,40.41757584603232,-113.24961313535003
69,2023-01-16,02:00:00,Fog,Dry,Moderate,34.59640514943817,-102.7512472214466
70,2023-02-07,21:00:00,Rain,Dry,Minor,41.89509549280414,-105.64872335887449
71,2023-01-19,19:00:00,Clear,Icy,Minor,40.17795815437326,-105.25875082039242
72,2023-01-18,12:00:00,Rain,Snowy,Moderate,35.58972545227338,-107.95486670485387
73,2023-01-07,12:00:00,Hail,Wet,Moderate,34.04417693698882,-116.18999284563644
74,2023-01-08,07:00:00,Fog,Wet,Moderate,40.523691427638674,-117.2314208064632
75,2023-01-27,01:00:00,Fog,Wet,Minor,39.65485875078094,-75.52793724135064
76,2023-01-30,20:00:00,Hail,Wet,Minor,39.8320573443279,-99.60575524935791
77,2023-02-07,20:00:00,Fog,Wet,Severe,40.17016277348757,-101.47395417213369
78,2023-01-21,10:00:00,Snow,Dry,Severe,34.592357213872724,-88.775166844198
79,2023-01-14,02:00:00,Rain,Dry,Moderate,36.86772582835418,-108.61508282180225
80,2023-01-25,21:00:00,Clear,Dry,Severe,34.92695247620104,-77.1516690901403
81,2023-01-13,23:00:00,Hail,Snowy,Minor,40.904827407004746,-84.18716438013126
82,2023-01-25,17:00:00,Snow,Icy,Severe,38.98638501462047,-114.15532690057285
83,2023-01-28,23:00:00,Clear,Wet,Minor,36.64718419882119,-100.04402664124808
84,2023-01-24,08:00:00,Clear,Snowy,Moderate,34.50846680228819,-80.19791277482692
85,2023-01-24,14:00:00,Hail,Wet,Moderate,36.4878585737253,-77.37652304146935
86,2023-01-15,17:00:00,Snow,Dry,Minor,36.60146657621398,-97.9017350162556
87,2023-01-02,01:00:00,Clear,Snowy,Severe,39.83684942670451,-91.62331026393957
88,2023-02-09,19:00:00,Clear,Dry,Moderate,39.1004597708417,-110.81754031804077
89,2023-01-02,07:00:00,Snow,Wet,Moderate,41.09770194061061,-75.37974907611002
90,2023-01-29,21:00:00,Fog,Wet,Severe,37.77771940129559,-108.03811684051193
91,2023-01-18,19:00:00,Clear,Icy,Severe,34.956753967506415,-77.4625337121896
92,2023-01-25,09:00:00,Rain,Wet,Minor,39.70595829778396,-90.06519409332816
93,2023-01-08,17:00:00,Snow,Dry,Severe,40.08628038893518,-91.86731782020905
94,2023-01-23,17:00:00,Clear,Wet,Severe,38.49021758055597,-95.95439402629013
95,2023-01-26,12:00:00,Hail,Icy,Severe,40.16773743963649,-108.08119809613638
96,2023-02-10,15:00:00,Rain,Icy,Minor,37.95036477091513,-110.40929462376315
97,2023-01-21,14:00:00,Clear,Dry,Minor,38.18186263505595,-108.51909300998246
98,2023-01-09,14:00:00,Rain,Snowy,Moderate,37.4203281468684,-109.98315472779706
99,2023-01-26,03:00:00,Rain,Wet,Minor,34.203353013952764,-84.47786763662961
100,2023-01-25,01:00:00,Fog,Icy,Moderate,34.863131415946434,-102.94461385583061
101,2023-02-05,06:00:00,Rain,Wet,Severe,34.25143348549388,-115.51276490777396
102,2023-02-05,18:00:00,Fog,Wet,Moderate,39.09128329011024,-76.32858690394511
103,2023-01-22,15:00:00,Snow,Snowy,Moderate,36.514847848610614,-79.9972069465727
104,2023-01-22,22:00:00,Fog,Icy,Severe,38.068565529317624,-78.10665182260584
105,2023-01-01,13:00:00,Hail,Wet,Moderate,41.260531791408745,-75.21896362620328
106,2023-01-05,07:00:00,Clear,Icy,Minor,35.994337833191,-110.52250428356204
107,2023-01-03,05:00:00,Snow,Dry,Minor,37.283063384285036,-100.96159318718567
108,2023-01-03,14:00:00,Snow,Dry,Minor,40.04440910834439,-85.39574554472406
109,2023-02-05,02:00:00,Hail,Wet,Minor,35.83038532393298,-88.07111342368694
110,2023-01-05,05:00:00,Fog,Icy,Moderate,34.61583927863035,-111.38247602738623
111,2023-01-06,12:00:00,Clear,Wet,Moderate,36.31801162331014,-82.91917562540343
112,2023-02-06,14:00:00,Fog,Icy,Severe,35.28977029803204,-108.34905541102358
113,2023-01-19,12:00:00,Rain,Icy,Moderate,41.43758121874058,-108.37584256262721
114,2023-01-27,14:00:00,Fog,Snowy,Moderate,40.464963036515336,-94.91009981558321
115,2023-01-29,08:00:00,Snow,Snowy,Moderate,39.06723005208339,-92.50358280180677
116,2023-01-04,00:00:00,Clear,Snowy,Severe,40.971684721501745,-93.05629306297412
117,2023-01-25,16:00:00,Fog,Wet,Minor,40.429376615192915,-114.06606599189654
118,2023-01-15,21:00:00,Clear,Snowy,Moderate,35.49256047108829,-80.26918290689365
119,2023-02-08,04:00:00,Clear,Snowy,Severe,41.140471987919824,-106.57919816868564
120,2023-01-13,12:00:00,Rain,Dry,Severe,38.314737935325205,-112.43085838483942
121,2023-02-09,04:00:00,Rain,Icy,Severe,40.4595212413125,-79.78383256563399
122,2023-01-24,18:00:00,Snow,Icy,Minor,41.16873039938795,-76.9069855761206
123,2023-01-28,04:00:00,Hail,Snowy,Moderate,36.54402779977491,-80.92851245758563
124,2023-01-26,18:00:00,Clear,Icy,Severe,34.880415396221416,-83.19080878683025
125,2023-01-30,00:00:00,Hail,Dry,Minor,35.82348130033553,-89.82459483252207
126,2023-01-11,16:00:00,Snow,Dry,Severe,37.41686230901005,-94.31313306380702
127,2023-02-04,05:00:00,Clear,Snowy,Severe,40.544118127379946,-114.25956932380936
128,2023-01-24,06:00:00,Clear,Dry,Severe,40.885844666050744,-100.43651183795996
129,2023-02-09,00:00:00,Hail,Icy,Severe,34.05561704424952,-101.97439376847049
130,2023-01-02,14:00:00,Fog,Wet,Severe,38.08597842062053,-106.83058729830597
131,2023-01-17,22:00:00,Rain,Icy,Minor,37.33928802519023,-86.89293511139084
132,2023-01-12,15:00:00,Fog,Wet,Moderate,35.77686248376584,-96.67734339161285
133,2023-01-23,13:00:00,Hail,Snowy,Moderate,34.95892293866946,-114.51501271597114
134,2023-01-07,01:00:00,Rain,Wet,Moderate,36.70092137122902,-108.53212231615811
135,2023-01-16,09:00:00,Fog,Dry,Moderate,41.54327763130016,-88.61987316263738
136,2023-01-03,03:00:00,Rain,Icy,Minor,36.58562345616604,-114.72637304191709
137,2023-02-06,23:00:00,Clear,Wet,Minor,38.15032497394693,-81.39810269590295
138,2023-02-06,13:00:00,Fog,Icy,Minor,39.62415167116142,-96.7086993383991
139,2023-01-09,11:00:00,Rain,Snowy,Severe,36.909036819034355,-97.33477717495414
140,2023-01-28,11:00:00,Rain,Snowy,Severe,41.77425666176769,-92.52646525964074
141,2023-01-16,15:00:00,Rain,Dry,Severe,41.699578359536886,-82.53871846521858
142,2023-01-31,17:00:00,Fog,Snowy,Moderate,36.01425836660292,-103.0442040602057
143,2023-01-09,13:00:00,Snow,Wet,Severe,37.977988047139085,-88.84530543996027
144,2023-01-04,09:00:00,Fog,Snowy,Moderate,36.407026478534156,-93.67352554818098
145,2023-01-31,03:00:00,Hail,Dry,Severe,36.27872395501974,-106.51778438271488
146,2023-01-27,13:00:00,Fog,Icy,Moderate,34.29509557883626,-80.21891058672821
147,2023-01-26,04:00:00,Rain,Icy,Severe,38.876514671839175,-83.7106810709021
148,2023-02-02,23:00:00,Clear,Snowy,Severe,38.02143218583089,-89.6865711096877
149,2023-02-08,06:00:00,Fog,Wet,Minor,34.41183000999992,-81.4249856489476
150,2023-01-16,21:00:00,Fog,Dry,Severe,36.22917171389289,-80.70634935872849
151,2023-01-29,05:00:00,Rain,Wet,Severe,41.26612708773323,-87.54039200125351
152,2023-01-03,06:00:00,Clear,Dry,Minor,35.91649512533578,-82.0084268803621
153,2023-02-03,19:00:00,Clear,Snowy,Moderate,35.159158976729785,-88.0087271482208
154,2023-01-02,12:00:00,Hail,Dry,Minor,37.9156220822205,-88.75394681430708
155,2023-02-06,10:00:00,Fog,Dry,Minor,41.8852036328848,-91.39971073674707
156,2023-01-19,14:00:00,Clear,Snowy,Moderate,35.936442172092,-85.63318449902143
157,2023-01-03,07:00:00,Clear,Wet,Severe,39.37708437924703,-111.17998047239783
158,2023-02-08,09:00:00,Snow,Snowy,Moderate,40.09295692262974,-80.12255735444609
159,2023-02-01,11:00:00,Snow,Dry,Severe,35.9011003519392,-80.51072830695503
160,2023-01-11,06:00:00,Clear,Snowy,Severe,39.82573078889487,-116.74236682951395
161,2023-02-07,14:00:00,Hail,Dry,Moderate,36.94226506175403,-82.48987972571521
162,2023-02-10,13:00:00,Clear,Snowy,Minor,39.058446644748635,-112.45859569864186
163,2023-01-02,01:00:00,Rain,Icy,Moderate,39.06823768608716,-103.5898892668569
164,2023-01-05,09:00:00,Fog,Icy,Severe,38.28619747259807,-86.02914497946087
165,2023-01-24,15:00:00,Hail,Snowy,Moderate,34.722318160435265,-111.08732446992275
166,2023-01-10,17:00:00,Rain,Wet,Moderate,40.6824199647139,-82.82741796288033
167,2023-02-02,14:00:00,Hail,Dry,Severe,36.566240519773885,-82.2182303478171
168,2023-01-29,02:00:00,Rain,Icy,Minor,35.492148083198835,-96.17888744828404
169,2023-01-19,08:00:00,Fog,Wet,Moderate,34.326201132438115,-117.72540751617616
170,2023-02-02,19:00:00,Fog,Dry,Severe,38.72714354550593,-105.65736027347876
171,2023-01-26,08:00:00,Snow,Icy,Severe,39.42051489473826,-91.47214250984308
172,2023-01-16,14:00:00,Rain,Icy,Moderate,34.13270263142285,-75.80899434482079
173,2023-01-08,08:00:00,Snow,Snowy,Minor,38.09674446639425,-90.83201833828326
174,2023-01-18,06:00:00,Rain,Dry,Moderate,35.8119662015835,-106.82844601424112
175,2023-02-08,00:00:00,Snow,Wet,Minor,39.161382323275596,-90.7377547667167
176,2023-01-30,20:00:00,Fog,Wet,Minor,35.39493143203993,-94.78062867221821
177,2023-01-13,09:00:00,Hail,Wet,Minor,39.52750190481973,-84.46664800850083
178,2023-02-02,17:00:00,Snow,Dry,Minor,37.0938827704043,-113.39983253044079
179,2023-01-21,23:00:00,Rain,Wet,Moderate,41.49383990989388,-85.27580019241279
180,2023-01-12,05:00:00,Rain,Wet,Severe,35.10016755316795,-94.72553711692726
181,2023-01-25,05:00:00,Fog,Wet,Severe,36.72853080840207,-76.59134383406322
182,2023-01-01,16:00:00,Rain,Snowy,Severe,34.907788169924714,-103.2994968603365
183,2023-02-08,06:00:00,Clear,Snowy,Severe,41.397548946228504,-90.79725859524024
184,2023-01-22,15:00:00,Hail,Dry,Severe,41.018714827047845,-77.92279146306925
185,2023-01-20,01:00:00,Snow,Dry,Severe,36.06353302172124,-113.5920816964008
186,2023-01-13,07:00:00,Hail,Wet,Moderate,39.27987236827343,-77.6991750488326
187,2023-01-07,00:00:00,Fog,Snowy,Minor,40.537777601609726,-88.42091394106502
188,2023-01-21,05:00:00,Snow,Icy,Severe,38.4416064927957,-115.08300645847761
189,2023-01-25,12:00:00,Snow,Icy,Moderate,38.237204626848055,-105.0585666212869
190,2023-01-03,03:00:00,Clear,Wet,Severe,35.934818327203615,-87.54860018825289
191,2023-01-24,00:00:00,Fog,Wet,Severe,34.74482214244719,-115.10392413684282
192,2023-02-07,15:00:00,Rain,Snowy,Minor,41.177726063626615,-92.96667021242025
193,2023-01-24,12:00:00,Clear,Snowy,Minor,41.20334445730664,-103.12702855102286
194,2023-02-07,19:00:00,Clear,Snowy,Minor,39.064811658186144,-91.30063273599848
195,2023-02-09,02:00:00,Hail,Dry,Severe,36.7122383283896,-116.03309254606195
196,2023-01-10,08:00:00,Hail,Dry,Severe,36.793676596901285,-80.52391733544782
197,2023-01-05,00:00:00,Hail,Wet,Severe,39.80764543096191,-76.13997432537192
198,2023-01-09,18:00:00,Clear,Dry,Minor,41.17688207962062,-76.33825222271527
199,2023-01-24,10:00:00,Rain,Snowy,Moderate,41.09669139412094,-85.76497123505425
200,2023-02-04,16:00:00,Snow,Snowy,Severe,40.23900436686099,-112.40629167438283
201,2023-01-20,10:00:00,Hail,Dry,Severe,39.1362531692343,-85.39468257505203
202,2023-01-19,01:00:00,Rain,Icy,Severe,34.67311971996039,-116.94276259227154
203,2023-01-12,19:00:00,Fog,Wet,Moderate,35.29302971275691,-117.04868728425312
204,2023-01-17,19:00:00,Hail,Icy,Severe,41.18843350821663,-104.08476057656972
205,2023-02-02,11:00:00,Snow,Wet,Moderate,38.85143247727672,-96.98834281259937
206,2023-02-05,09:00:00,Fog,Icy,Severe,34.073576412933036,-84.8724810342649
207,2023-01-17,22:00:00,Fog,Dry,Moderate,34.81177234292826,-88.61829880592028
208,2023-02-06,02:00:00,Snow,Wet,Severe,39.308014152864445,-98.82618362579981
209,2023-01-11,20:00:00,Hail,Wet,Minor,34.04049267076975,-106.23405334988837
210,2023-01-12,10:00:00,Clear,Wet,Minor,35.28646441133999,-75.12364649321842
211,2023-01-27,08:00:00,Snow,Snowy,Minor,38.389870314932686,-99.67420400385316
212,2023-02-06,05:00:00,Snow,Snowy,Minor,39.535161581541544,-98.59035795382395
213,2023-01-02,23:00:00,Snow,Icy,Severe,39.215690076020806,-110.96417568875822
214,2023-01-21,15:00:00,Fog,Dry,Minor,35.79415447568448,-83.82318940375303
215,2023-02-08,11:00:00,Rain,Snowy,Moderate,39.697433770780286,-88.17166429139598
216,2023-01-10,18:00:00,Clear,Wet,Minor,35.8979926999744,-108.50690665008331
217,2023-01-06,12:00:00,Hail,Snowy,Minor,36.603197585274145,-114.45761503851877
218,2023-01-22,16:00:00,Hail,Dry,Minor,39.971931240944194,-88.73853001078734
219,2023-01-26,01:00:00,Rain,Snowy,Severe,39.19706319237772,-89.85601778591118
220,2023-02-08,14:00:00,Snow,Wet,Minor,40.79378728395342,-106.249840339077
221,2023-02-07,01:00:00,Clear,Icy,Moderate,39.260903138402746,-77.11286682323235
222,2023-01-29,12:00:00,Hail,Wet,Minor,38.54646882668377,-111.50451065342129
223,2023-01-26,16:00:00,Hail,Dry,Minor,34.74939814262474,-99.40960355516812
224,2023-01-26,11:00:00,Snow,Icy,Minor,36.94172642447547,-77.42451543279324
225,2023-01-11,02:00:00,Rain,Snowy,Moderate,36.121618941453804,-99.95172537217674
226,2023-02-11,08:00:00,Clear,Snowy,Minor,35.95191714703267,-90.54338425044432
227,2023-02-10,07:00:00,Rain,Snowy,Moderate,41.78408443801956,-100.90344088759984
228,2023-01-16,14:00:00,Rain,Icy,Moderate,37.14478179733408,-106.20874629900719
229,2023-02-01,17:00:00,Clear,Wet,Minor,41.13637244141691,-75.68896113772739
230,2023-02-02,06:00:00,Clear,Icy,Moderate,39.0491090079781,-100.39863772845315
231,2023-01-23,22:00:00,Hail,Icy,Severe,40.358490428333184,-79.55373424179723
232,2023-01-28,04:00:00,Hail,Dry,Minor,38.021096744841536,-108.11195194668329
233,2023-01-22,04:00:00,Clear,Icy,Minor,38.615231077010876,-108.83649772692142
234,2023-02-07,18:00:00,Fog,Snowy,Moderate,37.94014155055091,-116.66123443596601
235,2023-02-03,12:00:00,Hail,Wet,Moderate,35.56194390238436,-89.97832650883694
236,2023-02-06,04:00:00,Fog,Wet,Minor,39.779616922092046,-102.15336721987828
237,2023-01-01,16:00:00,Clear,Wet,Severe,36.246178899526846,-80.83259525689562
238,2023-01-06,07:00:00,Hail,Snowy,Moderate,34.19452773145163,-97.65197401226304
239,2023-01-24,11:00:00,Rain,Snowy,Moderate,39.16377836725734,-76.36768259966696
240,2023-01-05,18:00:00,Clear,Snowy,Severe,35.41688543525639,-110.02240282476579
241,2023-02-06,16:00:00,Snow,Snowy,Severe,41.52366867482331,-80.64920377790874
242,2023-01-23,19:00:00,Fog,Snowy,Minor,41.6314286160207,-84.6063353299551
243,2023-01-28,22:00:00,Clear,Icy,Severe,41.31891512176359,-84.85036068030576
244,2023-01-12,00:00:00,Clear,Snowy,Minor,36.96126960204356,-81.67432119097383
245,2023-01-07,05:00:00,Hail,Snowy,Severe,34.12365293223094,-85.27596838945104
246,2023-01-11,16:00:00,Hail,Snowy,Moderate,41.426548500701806,-91.07252616984914
247,2023-02-08,04:00:00,Hail,Snowy,Minor,37.42547318653851,-112.35647025965733
248,2023-01-05,11:00:00,Snow,Wet,Minor,41.733238552349356,-116.60137428187616
249,2023-01-22,18:00:00,Hail,Snowy,Minor,41.70895981671402,-78.40354254392547
250,2023-01-31,02:00:00,Clear,Icy,Severe,40.82407564373888,-91.48403647560826
251,2023-01-24,03:00:00,Hail,Icy,Moderate,36.35559113655668,-83.74889648802443
252,2023-01-11,04:00:00,Rain,Icy,Minor,37.080781828815404,-97.29453888496035
253,2023-01-27,17:00:00,Hail,Dry,Minor,40.80909337213485,-112.95574787461703
254,2023-02-03,00:00:00,Snow,Wet,Minor,36.535376041250224,-112.61701093529032
255,2023-02-04,04:00:00,Rain,Snowy,Minor,35.35594197348874,-88.52069264915423
256,2023-01-23,21:00:00,Clear,Dry,Moderate,38.4544100996668,-99.4968465193231
257,2023-01-06,15:00:00,Clear,Snowy,Severe,41.48923819328625,-109.37743675188553
258,2023-01-15,06:00:00,Fog,Dry,Moderate,39.56823837339979,-96.86143449011821
259,2023-01-09,11:00:00,Rain,Dry,Minor,38.56048936071492,-115.23901570576923
260,2023-02-03,00:00:00,Fog,Icy,Moderate,34.77741195016615,-92.97522971768086
261,2023-02-08,18:00:00,Rain,Icy,Minor,38.92005781359336,-106.4332836092908
262,2023-02-08,14:00:00,Rain,Dry,Severe,41.920430800834104,-83.70495867260091
263,2023-01-28,15:00:00,Snow,Icy,Severe,35.12067212189219,-104.65443576628633
264,2023-01-16,09:00:00,Fog,Dry,Severe,38.146637218909895,-98.42553358948254
265,2023-01-27,23:00:00,Snow,Wet,Minor,41.018984575423644,-117.50031678395167
266,2023-01-10,13:00:00,Rain,Icy,Moderate,39.926148942033635,-114.88478382483397
267,2023-01-30,10:00:00,Clear,Icy,Severe,39.576125927962146,-101.12277707451256
268,2023-01-20,19:00:00,Rain,Icy,Minor,39.61987267189687,-97.36263010716368
269,2023-01-20,08:00:00,Snow,Wet,Minor,36.87592920975804,-92.19911643086994
270,2023-01-12,03:00:00,Fog,Dry,Moderate,36.348734754115945,-105.45850911549996
271,2023-01-16,22:00:00,Fog,Snowy,Severe,40.47488924382811,-88.11577889655867
272,2023-01-21,12:00:00,Snow,Icy,Minor,40.48090715743345,-81.01473692086421
273,2023-01-19,17:00:00,Fog,Dry,Moderate,40.93657854864083,-84.46640747758596
274,2023-01-27,20:00:00,Hail,Wet,Severe,41.305924420451774,-116.29639051002064
275,2023-01-09,12:00:00,Clear,Snowy,Moderate,38.090739190887504,-97.33820126791335
276,2023-01-24,03:00:00,Clear,Icy,Moderate,38.0121303574976,-113.48800232801848
277,2023-02-09,06:00:00,Clear,Wet,Minor,40.3863614317342,-107.59206431791132
278,2023-01-16,09:00:00,Fog,Wet,Minor,39.199711446222125,-75.5735084895127
279,2023-01-17,23:00:00,Fog,Snowy,Minor,39.61573501806163,-111.87269165523493
280,2023-01-19,00:00:00,Rain,Dry,Moderate,40.36634135548881,-96.54780940159169
281,2023-02-09,16:00:00,Rain,Icy,Minor,41.12004273454053,-91.41930342432087
282,2023-01-16,21:00:00,Clear,Icy,Moderate,36.703961254812285,-87.79400626660353
283,2023-02-06,02:00:00,Hail,Dry,Moderate,37.004663621119555,-93.93510661006269
284,2023-01-20,05:00:00,Rain,Dry,Minor,34.751855518726956,-117.5798535609751
285,2023-01-31,15:00:00,Rain,Dry,Severe,38.626241127969394,-103.96216374550835
286,2023-01-31,21:00:00,Fog,Snowy,Severe,34.28753819037394,-95.73839933445741
287,2023-01-10,08:00:00,Hail,Snowy,Severe,37.72478414505968,-114.22174053677216
288,2023-02-10,03:00:00,Clear,Icy,Moderate,38.34115707766061,-102.92304195800523
289,2023-01-06,20:00:00,Rain,Snowy,Moderate,36.29233001702627,-116.57226632197124
290,2023-01-25,14:00:00,Hail,Wet,Moderate,38.726666084552086,-114.62112462233411
291,2023-01-20,04:00:00,Hail,Icy,Minor,34.24400199951239,-100.93229912333138
292,2023-02-03,04:00:00,Clear,Snowy,Moderate,34.298785509993714,-112.29322257614841
293,2023-02-11,17:00:00,Hail,Dry,Minor,40.58080448527727,-93.595743524753
294,2023-01-12,16:00:00,Hail,Wet,Minor,36.881525131290104,-88.35300632709757
295,2023-01-07,07:00:00,Hail,Dry,Severe,35.01648410121508,-83.57477193830944
296,2023-02-01,07:00:00,Rain,Icy,Severe,38.17794608043843,-109.39353949747317
297,2023-01-10,22:00:00,Clear,Dry,Severe,40.15994842478889,-110.79824896286
298,2023-01-08,11:00:00,Hail,Snowy,Minor,35.726568219974745,-113.50358286562079
299,2023-01-18,09:00:00,Hail,Snowy,Minor,38.983123806552,-90.63349926962363
300,2023-02-10,02:00:00,Rain,Icy,Minor,34.68277971995015,-87.62154376106325
301,2023-01-29,03:00:00,Clear,Dry,Moderate,34.41345376934886,-116.64179577249739
302,2023-01-29,13:00:00,Fog,Icy,Minor,38.25083705254519,-77.74287341152134
303,2023-01-23,03:00:00,Rain,Dry,Severe,38.325080972880855,-115.76523480298668
304,2023-01-02,04:00:00,Clear,Wet,Severe,39.099439211985654,-94.72425758205397
305,2023-01-13,11:00:00,Hail,Snowy,Minor,39.80873066978129,-87.51039766361059
306,2023-02-09,07:00:00,Clear,Icy,Minor,41.80681663570028,-80.54832767891833
307,2023-01-15,05:00:00,Clear,Wet,Severe,38.13040278640956,-87.29426191830561
308,2023-01-14,05:00:00,Clear,Wet,Minor,36.583651783529966,-83.52569242799896
309,2023-01-04,16:00:00,Fog,Icy,Severe,40.36148955814963,-103.40364172065934
310,2023-02-09,19:00:00,Clear,Icy,Moderate,36.1666580100966,-82.96252010889998
311,2023-01-12,04:00:00,Fog,Wet,Severe,37.51177136564509,-114.55506160545897
312,2023-01-08,11:00:00,Hail,Dry,Moderate,34.62765105073813,-79.52288378939731
313,2023-02-07,18:00:00,Fog,Wet,Minor,34.20280594732366,-94.45352782538934
314,2023-01-28,10:00:00,Hail,Icy,Minor,41.701187317423404,-82.85619589161277
315,2023-01-12,20:00:00,Hail,Wet,Moderate,40.687840964097646,-98.5503137657131
316,2023-02-04,00:00:00,Fog,Dry,Minor,39.567793648749586,-90.32615910654943
317,2023-01-26,00:00:00,Rain,Snowy,Moderate,37.27162355531416,-95.36468557974713
318,2023-01-28,21:00:00,Snow,Snowy,Minor,35.386354560566765,-86.54165056452072
319,2023-02-05,05:00:00,Clear,Wet,Severe,35.251496341368686,-114.48991077268465
320,2023-02-02,01:00:00,Snow,Dry,Minor,36.00194318531676,-115.40486038840575
321,2023-02-05,12:00:00,Clear,Snowy,Severe,38.39381331764896,-107.3745609375637
322,2023-02-08,19:00:00,Clear,Wet,Severe,39.7167673816005,-111.1395787551329
323,2023-01-13,22:00:00,Hail,Wet,Moderate,39.28157901374185,-80.51330663653533
324,2023-01-31,04:00:00,Clear,Dry,Minor,36.239471175567544,-108.5737985436041
325,2023-02-07,09:00:00,Clear,Icy,Moderate,41.63892224530555,-76.03779399977736
326,2023-01-12,05:00:00,Fog,Wet,Minor,39.903175333566146,-103.5134809538424
327,2023-02-08,20:00:00,Snow,Icy,Severe,38.434832420091205,-110.16892962538593
328,2023-01-03,04:00:00,Fog,Icy,Severe,38.89376596987482,-84.0429641928734
329,2023-01-21,05:00:00,Clear,Snowy,Minor,37.35680049942232,-89.67556565346233
330,2023-02-08,23:00:00,Hail,Icy,Minor,35.98184791600926,-96.57758419251502
331,2023-01-11,01:00:00,Fog,Dry,Moderate,36.847781429210094,-94.11936730968185
332,2023-01-07,21:00:00,Fog,Snowy,Minor,40.06276888371495,-87.07432353429266
333,2023-01-02,08:00:00,Rain,Snowy,Minor,34.11514790903804,-108.17644612275416
334,2023-02-08,03:00:00,Clear,Snowy,Minor,34.92858112405533,-75.1576416095601
335,2023-01-19,13:00:00,Hail,Wet,Moderate,34.36802113617402,-76.08389402768833
336,2023-01-09,17:00:00,Fog,Wet,Minor,34.32583041855176,-90.03599548708172
337,2023-01-28,02:00:00,Fog,Icy,Severe,40.84368467208806,-109.41967461004675
338,2023-01-06,08:00:00,Hail,Snowy,Moderate,39.62926287504019,-88.75018557545448
339,2023-01-01,02:00:00,Clear,Snowy,Moderate,37.7933906326986,-114.89546841389544
340,2023-02-10,14:00:00,Rain,Dry,Severe,34.78267328520801,-116.68194240515034
341,2023-02-01,13:00:00,Fog,Icy,Severe,37.93292700093466,-106.91963579401781
342,2023-02-05,16:00:00,Rain,Dry,Severe,37.787774166244525,-98.1072128602094
343,2023-01-27,11:00:00,Snow,Icy,Minor,35.38561495928012,-80.66428226743963
344,2023-01-08,13:00:00,Clear,Icy,Severe,37.47081319390379,-86.73173000004876
345,2023-01-25,19:00:00,Snow,Wet,Minor,37.188037875178985,-86.06361958840081
346,2023-01-22,07:00:00,Snow,Wet,Moderate,38.92680078441773,-99.70378661873276
347,2023-01-19,12:00:00,Snow,Dry,Moderate,39.08074920694115,-103.12479532048059
348,2023-02-08,02:00:00,Clear,Icy,Severe,34.362432078176354,-102.04533319166208
349,2023-02-03,00:00:00,Clear,Snowy,Minor,36.99690091701177,-75.53106875934952
350,2023-02-03,19:00:00,Hail,Wet,Severe,39.00687932571389,-116.27530476926326
351,2023-01-06,17:00:00,Rain,Snowy,Severe,38.0250900686407,-80.71764566673471
352,2023-01-08,19:00:00,Rain,Dry,Minor,40.85191872950658,-93.11695743138708
353,2023-01-23,17:00:00,Hail,Wet,Severe,39.26954905295156,-99.1395369748476
354,2023-01-10,13:00:00,Hail,Wet,Moderate,35.30347541665144,-86.81392060214912
355,2023-01-14,16:00:00,Snow,Icy,Severe,34.56454997920344,-97.07323551873777
356,2023-01-27,11:00:00,Hail,Dry,Minor,39.13935422565052,-80.44280076248859
357,2023-02-09,22:00:00,Fog,Icy,Minor,34.212090484332975,-79.26981984751589
358,2023-01-13,11:00:00,Rain,Wet,Moderate,38.686204650187705,-99.86600014444141
359,2023-01-28,15:00:00,Hail,Dry,Minor,41.52184193139966,-106.09640471889279
360,2023-02-11,14:00:00,Fog,Wet,Minor,38.60379342300703,-92.52893587048543
361,2023-01-20,08:00:00,Fog,Dry,Moderate,37.10535940965217,-78.7683761384823
362,2023-01-17,07:00:00,Fog,Wet,Severe,39.146305747538825,-108.94152587275633
363,2023-01-23,03:00:00,Fog,Snowy,Moderate,37.666023123932135,-91.21243690677024
364,2023-01-17,01:00:00,Snow,Snowy,Severe,38.36493431452748,-90.84291053602162
365,2023-02-06,11:00:00,Fog,Icy,Moderate,41.5317184702122,-86.47614003614292
366,2023-02-01,02:00:00,Snow,Snowy,Severe,37.08882110240619,-112.34258953952784
367,2023-02-05,21:00:00,Snow,Wet,Moderate,41.68952451059131,-87.2195265186702
368,2023-01-09,20:00:00,Fog,Wet,Severe,41.24280513564851,-78.91160161137744
369,2023-01-09,09:00:00,Rain,Snowy,Moderate,35.56632907831437,-110.2736263185796
370,2023-01-05,02:00:00,Fog,Icy,Severe,34.554890407001324,-107.78563702827326
371,2023-01-31,06:00:00,Fog,Snowy,Moderate,34.80622401101941,-76.2300109562095
372,2023-01-27,13:00:00,Fog,Dry,Minor,34.145774605212395,-110.21799103349194
373,2023-01-11,00:00:00,Rain,Dry,Severe,34.755543686047425,-81.2614409851081
374,2023-01-10,01:00:00,Clear,Dry,Moderate,39.46405418733085,-96.8320521727345
375,2023-01-17,12:00:00,Clear,Snowy,Severe,34.56950918768183,-107.36906380066338
376,2023-01-19,13:00:00,Snow,Snowy,Severe,36.55180504235009,-80.55775424528201
377,2023-01-26,06:00:00,Snow,Snowy,Moderate,40.75900248775564,-98.85187403488538
378,2023-01-15,07:00:00,Rain,Dry,Severe,34.18617548588661,-95.86285378102332
379,2023-02-06,15:00:00,Hail,Icy,Moderate,40.515747860711485,-102.55296511581008
380,2023-01-24,20:00:00,Clear,Wet,Minor,36.2548381981872,-92.50311338829812
381,2023-01-23,16:00:00,Snow,Snowy,Severe,34.945318620973254,-110.96847347884402
382,2023-01-06,08:00:00,Clear,Icy,Minor,39.573897322913204,-101.18349392397428
383,2023-01-26,06:00:00,Rain,Wet,Severe,39.03154277423907,-76.31527013958264
384,2023-01-21,17:00:00,Rain,Wet,Severe,41.019776108216426,-106.90026239385152
385,2023-02-04,14:00:00,Hail,Wet,Severe,39.88056835043108,-89.76032342472443
386,2023-01-30,11:00:00,Hail,Icy,Moderate,40.42784744307879,-104.01682723833812
387,2023-01-23,08:00:00,Rain,Icy,Minor,36.25627658057045,-84.74065559547617
388,2023-01-28,13:00:00,Snow,Dry,Severe,35.419516350237785,-112.37243258911096
389,2023-01-23,11:00:00,Clear,Icy,Moderate,40.00491801312687,-76.29769506162258
390,2023-02-05,23:00:00,Fog,Icy,Severe,40.45467791413811,-98.4870497205035
391,2023-01-22,23:00:00,Hail,Icy,Moderate,41.924041136005386,-107.84983007610205
392,2023-01-25,02:00:00,Fog,Wet,Severe,37.30094141529141,-114.83963986480946
393,2023-02-06,12:00:00,Snow,Snowy,Minor,36.976144686342266,-110.70041008123574
394,2023-01-12,03:00:00,Hail,Dry,Minor,40.211303685935974,-95.64972021209124
395,2023-01-18,12:00:00,Fog,Snowy,Severe,36.72642832202414,-103.50886341345469
396,2023-02-05,22:00:00,Snow,Snowy,Moderate,41.446058604828515,-82.35801526704779
397,2023-01-12,11:00:00,Clear,Icy,Severe,40.8673020147441,-99.47183648254234
398,2023-01-07,22:00:00,Snow,Dry,Moderate,37.431952219000145,-107.30528627873191
399,2023-01-26,18:00:00,Hail,Snowy,Severe,40.006968542331975,-91.46276557602671
400,2023-01-31,00:00:00,Rain,Snowy,Moderate,40.03634299267746,-87.60857967392583
401,2023-01-28,15:00:00,Clear,Dry,Minor,34.824990950687464,-110.81719796025915
402,2023-02-09,18:00:00,Fog,Icy,Severe,41.220423253436536,-110.79237369960234
403,2023-01-04,07:00:00,Hail,Snowy,Minor,38.042018979582856,-116.42312864185766
404,2023-01-26,08:00:00,Rain,Wet,Minor,40.61165972886193,-86.33471335217746
405,2023-02-09,22:00:00,Snow,Snowy,Severe,36.560396808244896,-89.45640531226238
406,2023-02-07,08:00:00,Rain,Wet,Severe,41.164185827969604,-97.590872342758
407,2023-01-18,23:00:00,Hail,Icy,Moderate,37.113613429873304,-81.70067069432451
408,2023-01-12,23:00:00,Hail,Snowy,Moderate,34.08670121184239,-83.35618342314771
409,2023-01-30,20:00:00,Rain,Dry,Minor,41.24305581135411,-92.82976233093966
410,2023-01-12,21:00:00,Snow,Dry,Moderate,34.730293414289065,-80.66433493792988
411,2023-02-10,10:00:00,Rain,Snowy,Moderate,36.55450910072332,-109.14882796841897
412,2023-01-08,19:00:00,Hail,Icy,Severe,41.60049573640644,-113.1874563658977
413,2023-01-14,15:00:00,Hail,Icy,Moderate,41.60485717550045,-106.40076670476945
414,2023-01-30,02:00:00,Fog,Dry,Minor,38.58750310498629,-115.54526518815946
415,2023-01-03,12:00:00,Fog,Snowy,Moderate,39.05469769735839,-95.15971029595562
416,2023-01-04,08:00:00,Clear,Icy,Minor,37.58756417582656,-77.72595523131665
417,2023-02-01,12:00:00,Hail,Dry,Severe,36.34568617358452,-116.30822775125408
418,2023-01-27,09:00:00,Fog,Wet,Minor,36.62931636295933,-112.74927369756885
419,2023-01-16,09:00:00,Rain,Snowy,Moderate,39.38014764861631,-98.55544178381228
420,2023-01-27,03:00:00,Snow,Wet,Severe,40.01899623550144,-77.84337424630009
421,2023-01-22,12:00:00,Rain,Wet,Moderate,40.33263234980679,-104.40528748599974
422,2023-02-02,06:00:00,Snow,Icy,Severe,40.31694514235643,-96.18890322639913
423,2023-02-09,03:00:00,Fog,Icy,Severe,34.72964882438952,-116.21236706083315
424,2023-01-17,14:00:00,Clear,Icy,Moderate,37.95536243762065,-111.62124235863018
425,2023-01-05,03:00:00,Rain,Snowy,Moderate,34.460470080133156,-75.57490471276958
426,2023-02-08,01:00:00,Rain,Wet,Severe,38.39623105858988,-76.49989605325004
427,2023-01-19,11:00:00,Rain,Snowy,Severe,37.532244010987014,-117.78758081982039
428,2023-02-04,01:00:00,Snow,Icy,Moderate,41.101633462066395,-77.07209322680072
429,2023-01-29,07:00:00,Fog,Wet,Minor,36.80732010041663,-90.51784267393349
430,2023-02-08,08:00:00,Rain,Snowy,Moderate,34.936536131420844,-80.67951333563906
431,2023-01-20,06:00:00,Rain,Snowy,Severe,35.14393345642269,-98.44618620774406
432,2023-01-12,20:00:00,Clear,Dry,Moderate,40.09208505373978,-95.82937077109224
433,2023-01-12,07:00:00,Clear,Snowy,Minor,38.94574450653009,-96.97959704895243
434,2023-01-14,07:00:00,Fog,Icy,Moderate,34.80898140898232,-89.32483692551752
435,2023-01-29,19:00:00,Fog,Snowy,Severe,34.67285444891998,-111.99499604547854
436,2023-01-16,01:00:00,Hail,Wet,Moderate,39.60775305167296,-116.71113563547485
437,2023-02-04,18:00:00,Clear,Snowy,Severe,34.58210405091355,-104.75901251157879
438,2023-01-04,22:00:00,Hail,Dry,Severe,40.57488047432285,-87.69872720232419
439,2023-01-28,07:00:00,Snow,Wet,Moderate,39.64993781725197,-109.32030155871323
440,2023-01-09,11:00:00,Hail,Wet,Severe,34.6507902451352,-89.04240536702855
441,2023-02-04,13:00:00,Rain,Dry,Severe,34.67870171268154,-76.29378201738737
442,2023-01-31,16:00:00,Hail,Icy,Minor,41.8931166280094,-113.96226922105501
443,2023-02-09,00:00:00,Fog,Wet,Minor,36.994166366048965,-89.07810891631956
444,2023-01-14,18:00:00,Snow,Icy,Minor,36.96513717653513,-98.91874056990343
445,2023-01-10,17:00:00,Rain,Wet,Minor,40.50239653806002,-80.66988306176728
446,2023-01-02,11:00:00,Hail,Wet,Severe,41.57798861907087,-110.3825590537624
447,2023-01-30,06:00:00,Snow,Icy,Moderate,41.888008510582964,-88.21708405427492
448,2023-01-03,01:00:00,Snow,Wet,Severe,40.02702548207154,-81.96104254513126
449,2023-02-11,08:00:00,Rain,Icy,Severe,37.01007668424732,-77.381588562617
450,2023-02-02,01:00:00,Hail,Dry,Severe,34.668005733589354,-88.62033478354523
451,2023-01-22,00:00:00,Snow,Icy,Moderate,40.2171753274195,-96.62148514763763
452,2023-02-06,09:00:00,Snow,Dry,Minor,38.46723399788644,-91.43256867134781
453,2023-01-27,02:00:00,Clear,Wet,Severe,37.39377607397581,-80.6370856674151
454,2023-01-26,12:00:00,Snow,Icy,Severe,41.25083508075789,-93.46378089453032
455,2023-01-25,02:00:00,Clear,Wet,Minor,34.88957985844921,-116.69335643303602
456,2023-02-09,02:00:00,Hail,Icy,Severe,37.94100083432687,-77.96920609319996
457,2023-01-27,04:00:00,Hail,Dry,Moderate,34.09082915813935,-88.35034970564287
458,2023-01-06,20:00:00,Hail,Dry,Severe,37.74928513595301,-88.9099244115784
459,2023-01-11,23:00:00,Fog,Icy,Severe,34.4504262054547,-108.72596844689816
460,2023-01-29,23:00:00,Hail,Dry,Minor,34.950543330144576,-89.66792477999574
461,2023-01-01,19:00:00,Snow,Wet,Severe,34.94020997421684,-101.06383055687118
462,2023-01-20,22:00:00,Rain,Wet,Severe,39.19368241692851,-89.99698198721583
463,2023-01-03,03:00:00,Clear,Snowy,Moderate,39.96835903412339,-113.4164996967564
464,2023-02-06,10:00:00,Fog,Dry,Minor,38.66695012077728,-89.71265190206945
465,2023-01-18,10:00:00,Hail,Wet,Minor,41.697380387796336,-75.02520979186133
466,2023-01-28,16:00:00,Hail,Icy,Moderate,36.99896463618963,-115.92688232899609
467,2023-01-12,00:00:00,Rain,Dry,Severe,36.28569669025489,-75.98151007848335
468,2023-01-02,14:00:00,Rain,Wet,Minor,40.948793025515684,-100.50295768891657
469,2023-02-02,11:00:00,Fog,Dry,Minor,35.78876670815562,-80.55760163549786
470,2023-01-24,05:00:00,Clear,Icy,Severe,41.70578031552489,-84.35742418549424
471,2023-01-21,23:00:00,Hail,Wet,Severe,34.09723579751853,-93.61830077757328
472,2023-01-24,05:00:00,Fog,Snowy,Minor,41.75903061366111,-86.24668400219296
473,2023-01-20,03:00:00,Snow,Snowy,Severe,34.34527929560461,-80.22383086404204
474,2023-02-01,16:00:00,Snow,Dry,Minor,41.12914490958457,-100.62196616900559
475,2023-01-28,06:00:00,Fog,Icy,Severe,38.221608872690396,-103.93757405278073
476,2023-01-14,14:00:00,Hail,Wet,Severe,41.9437183689544,-89.29348442076585
477,2023-01-13,08:00:00,Fog,Icy,Moderate,34.59037251788319,-83.26262449652589
478,2023-01-12,13:00:00,Hail,Wet,Severe,38.430834275210564,-85.22173920460551
479,2023-02-06,01:00:00,Rain,Dry,Moderate,41.75442028495279,-83.69401309907872
480,2023-02-10,01:00:00,Fog,Wet,Severe,38.18478275336119,-99.26991746304388
481,2023-01-29,08:00:00,Hail,Icy,Minor,39.0351891050821,-82.83312870447406
482,2023-02-08,17:00:00,Fog,Icy,Minor,39.565989511876936,-112.83101061906383
483,2023-01-09,04:00:00,Fog,Dry,Severe,37.636328518142186,-94.58696878768347
484,2023-01-19,19:00:00,Hail,Icy,Severe,39.02046464067251,-117.75237759858078
485,2023-02-07,03:00:00,Hail,Wet,Minor,38.6745144953848,-104.04280931428838
486,2023-01-14,00:00:00,Clear,Dry,Severe,41.20926408392791,-102.2421540005299
487,2023-01-02,02:00:00,Fog,Wet,Moderate,34.363571042731664,-100.96457426080201
488,2023-02-10,07:00:00,Snow,Icy,Moderate,36.247705516737845,-88.09491011233592
489,2023-01-21,13:00:00,Fog,Dry,Moderate,41.60329187261247,-101.29200164537514
490,2023-01-31,00:00:00,Fog,Wet,Moderate,41.12211027112733,-98.70617422723117
491,2023-01-20,09:00:00,Hail,Icy,Moderate,37.645254022285705,-107.78560237240391
492,2023-01-03,13:00:00,Fog,Icy,Severe,38.9610607824123,-101.95017295993839
493,2023-01-01,10:00:00,Fog,Snowy,Severe,36.21904946384906,-108.22740602768448
494,2023-01-13,17:00:00,Snow,Icy,Moderate,35.50496927779009,-114.85257527795693
495,2023-01-15,14:00:00,Hail,Wet,Severe,37.709587239519855,-92.05171048460075
496,2023-01-18,15:00:00,Fog,Dry,Severe,36.82681782420842,-89.2668496621343
497,2023-01-18,20:00:00,Rain,Snowy,Moderate,38.66924889480698,-91.36191512158658
498,2023-01-14,01:00:00,Clear,Icy,Severe,34.62187709571988,-98.06975611657539
499,2023-01-19,12:00:00,Snow,Icy,Severe,41.79515846132933,-101.66921145229313
500,2023-01-25,05:00:00,Fog,Icy,Severe,41.889685955836825,-80.87665306841151
501,2023-01-08,20:00:00,Rain,Wet,Moderate,39.58529371215796,-95.67948323914263
502,2023-01-24,05:00:00,Fog,Snowy,Severe,38.28877093075296,-97.39517926192157
503,2023-01-22,05:00:00,Fog,Wet,Minor,36.47622093029062,-116.89739117032326
504,2023-02-06,21:00:00,Hail,Snowy,Minor,40.51036015765559,-103.32634341207527
505,2023-01-28,21:00:00,Hail,Dry,Moderate,39.47784938043103,-101.65158839220814
506,2023-01-02,13:00:00,Hail,Wet,Minor,35.30093551475913,-100.85062042143328
507,2023-02-04,17:00:00,Rain,Wet,Moderate,41.28741747595074,-93.05258812322471
508,2023-01-26,13:00:00,Fog,Dry,Minor,40.580297943385354,-95.05509049074422
509,2023-01-17,17:00:00,Clear,Snowy,Minor,41.598399306335395,-91.86008100988188
510,2023-01-10,13:00:00,Snow,Icy,Minor,39.80575606710688,-85.11001975368848
511,2023-01-23,20:00:00,Hail,Dry,Moderate,38.90732156748632,-83.04161323520799
512,2023-02-04,06:00:00,Hail,Icy,Moderate,37.34594429032495,-87.12070772226073
513,2023-01-23,13:00:00,Fog,Icy,Severe,41.46182786683211,-76.91248107393781
514,2023-02-02,02:00:00,Fog,Dry,Moderate,40.928511116003264,-117.21599894491645
515,2023-01-22,05:00:00,Rain,Snowy,Minor,34.361749360849515,-109.58154661560752
516,2023-01-28,13:00:00,Rain,Icy,Minor,34.21093579597802,-117.67479637593989
517,2023-01-08,20:00:00,Hail,Dry,Moderate,37.0117069350244,-90.15858729135206
518,2023-01-06,15:00:00,Fog,Wet,Moderate,40.48442664625466,-79.38468639515057
519,2023-02-04,19:00:00,Clear,Wet,Moderate,41.89820903451955,-107.53026124721913
520,2023-01-19,12:00:00,Snow,Wet,Severe,35.20333512882823,-78.1375145737588
521,2023-01-15,18:00:00,Fog,Dry,Minor,38.75304572281708,-115.40850221754889
522,2023-01-23,19:00:00,Fog,Wet,Severe,37.04712685304817,-77.8192508473629
523,2023-02-02,16:00:00,Rain,Icy,Severe,41.75931518251683,-102.88022444869571
524,2023-01-17,00:00:00,Snow,Wet,Minor,40.73695138508567,-113.63890437668368
525,2023-01-04,07:00:00,Hail,Wet,Minor,40.706629637689105,-97.107514354988
526,2023-02-09,18:00:00,Fog,Icy,Moderate,37.74954527835976,-106.95860758801815
527,2023-01-25,20:00:00,Hail,Wet,Moderate,37.31855601870132,-105.75046521563732
528,2023-02-05,01:00:00,Fog,Icy,Severe,36.18725657544565,-104.78653150816967
529,2023-01-21,18:00:00,Hail,Wet,Moderate,34.45100397320742,-83.46988639319548
530,2023-01-09,22:00:00,Snow,Icy,Moderate,40.91777901004043,-94.81606510296406
531,2023-02-10,19:00:00,Rain,Wet,Minor,40.50320807304062,-104.61376893629185
532,2023-01-07,11:00:00,Snow,Icy,Minor,41.99774138628904,-91.75564731763052
533,2023-01-15,05:00:00,Clear,Dry,Moderate,41.97309469659125,-87.20552100840268
534,2023-02-09,08:00:00,Rain,Icy,Minor,38.44345364482102,-106.27716796845804
535,2023-01-16,07:00:00,Snow,Wet,Moderate,40.151899321444084,-100.21738863440989
536,2023-02-02,03:00:00,Clear,Wet,Minor,41.55812583905942,-112.75889798651126
537,2023-01-25,02:00:00,Fog,Snowy,Minor,40.79717912541929,-110.21057797000874
538,2023-01-04,11:00:00,Fog,Icy,Minor,35.97878481394558,-88.71193227950573
539,2023-02-08,07:00:00,Hail,Dry,Minor,37.60435308248075,-110.19815104908804
540,2023-01-11,23:00:00,Rain,Icy,Moderate,35.03327532121196,-95.41797450231641
541,2023-01-09,15:00:00,Fog,Icy,Severe,41.63240821806978,-87.5110107459354
542,2023-01-28,02:00:00,Rain,Dry,Minor,38.849397075607044,-113.40429230692601
543,2023-01-31,17:00:00,Fog,Icy,Moderate,35.8291424440277,-93.60557455595715
544,2023-02-08,13:00:00,Hail,Dry,Moderate,39.373605475246855,-106.96780030084136
545,2023-01-24,19:00:00,Snow,Dry,Minor,38.94502592366317,-76.59414436478407
546,2023-02-02,18:00:00,Hail,Icy,Severe,36.86530174426272,-97.20753719104323
547,2023-01-11,20:00:00,Clear,Icy,Minor,34.90846073759703,-83.34232035966821
548,2023-01-31,00:00:00,Fog,Wet,Moderate,39.372585564742394,-94.34025868728074
549,2023-01-12,09:00:00,Clear,Wet,Severe,38.16246160723035,-116.13326108724277
550,2023-01-27,18:00:00,Clear,Snowy,Moderate,40.17854713388512,-90.77449084945704
551,2023-01-20,22:00:00,Rain,Snowy,Minor,38.16130800889594,-77.08965628511375
552,2023-01-16,22:00:00,Fog,Icy,Severe,40.81745200254832,-92.13069173370776
553,2023-01-16,05:00:00,Clear,Dry,Moderate,38.41525471019588,-82.77487904464803
554,2023-01-19,21:00:00,Snow,Snowy,Moderate,38.48750377228309,-79.97912207601846
555,2023-01-19,17:00:00,Clear,Icy,Moderate,41.01322882126676,-108.1925698061959
556,2023-01-04,09:00:00,Snow,Snowy,Minor,37.22786292969918,-108.88207188394625
557,2023-01-26,05:00:00,Rain,Dry,Severe,35.07212182760512,-91.72781747940735
558,2023-02-01,19:00:00,Clear,Icy,Minor,34.230261410506714,-100.3257757983117
559,2023-02-06,19:00:00,Hail,Dry,Minor,40.04109804538895,-81.88596397673103
560,2023-01-18,18:00:00,Rain,Icy,Minor,38.96247641082772,-79.29900569388552
561,2023-01-06,04:00:00,Snow,Snowy,Severe,39.63263814479379,-102.80288068998313
562,2023-01-13,18:00:00,Rain,Wet,Minor,35.703713292071285,-107.81456596409727
563,2023-01-18,04:00:00,Clear,Snowy,Minor,35.090971804694156,-84.43740284451394
564,2023-02-01,17:00:00,Fog,Snowy,Minor,34.11635732534305,-106.18334047143014
565,2023-02-05,08:00:00,Fog,Wet,Minor,36.80470047045277,-82.62758430391183
566,2023-02-04,18:00:00,Snow,Wet,Moderate,38.71934149483707,-99.7792550931032
567,2023-01-29,18:00:00,Snow,Icy,Minor,37.13795236079786,-89.29535433046678
568,2023-01-28,04:00:00,Fog,Icy,Moderate,37.499799376189834,-113.89198150510927
569,2023-01-30,07:00:00,Snow,Dry,Minor,41.23326955594999,-91.17404903890736
570,2023-02-11,17:00:00,Rain,Dry,Severe,36.7860437361864,-98.57398981429915
571,2023-01-03,17:00:00,Hail,Snowy,Moderate,38.11191591327849,-92.7758360834546
572,2023-01-13,06:00:00,Hail,Wet,Moderate,40.26922410192915,-110.77538906697087
573,2023-02-06,15:00:00,Rain,Dry,Moderate,37.17234225857016,-86.31442896740018
574,2023-01-08,20:00:00,Hail,Snowy,Moderate,38.97669360182299,-80.89972566564117
575,2023-01-06,01:00:00,Clear,Wet,Severe,40.89890966997396,-108.68018859609664
576,2023-01-24,07:00:00,Rain,Icy,Minor,41.59616498926114,-113.88427411263305
577,2023-01-17,21:00:00,Snow,Snowy,Moderate,35.1765878474323,-116.98354080000753
578,2023-02-07,15:00:00,Rain,Icy,Severe,41.41270100129196,-90.39522548093956
579,2023-02-06,11:00:00,Fog,Dry,Moderate,37.93693034463631,-91.89495644818243
580,2023-01-26,14:00:00,Snow,Dry,Minor,36.06595510639167,-94.49201125329499
581,2023-02-03,05:00:00,Fog,Wet,Moderate,37.67308604990609,-108.02627486701306
582,2023-01-15,16:00:00,Snow,Snowy,Severe,41.84026060228382,-101.19104217606287
583,2023-02-01,18:00:00,Hail,Icy,Minor,37.94094475194296,-92.43751758699456
584,2023-02-09,14:00:00,Rain,Wet,Severe,36.630012882300065,-96.63902506905572
585,2023-01-30,16:00:00,Clear,Dry,Minor,39.067206834533806,-75.52522263075986
586,2023-01-14,18:00:00,Snow,Dry,Minor,35.921164950225545,-112.13309064006047
587,2023-01-26,19:00:00,Snow,Snowy,Minor,34.60690662486931,-88.10878417595347
588,2023-01-16,23:00:00,Fog,Icy,Moderate,35.03103777528519,-100.61429297151544
589,2023-02-04,09:00:00,Hail,Snowy,Severe,35.02436671166218,-99.58741655819857
590,2023-01-16,13:00:00,Fog,Icy,Severe,35.215221548098356,-87.14329607669842
591,2023-01-10,20:00:00,Fog,Icy,Severe,35.11061738119528,-88.22524549305211
592,2023-02-02,13:00:00,Hail,Snowy,Minor,39.12699795842572,-75.37599227080591
593,2023-01-15,19:00:00,Clear,Wet,Moderate,35.45504067519316,-112.47904555347262
594,2023-01-23,16:00:00,Fog,Snowy,Minor,36.7653382665909,-113.52328507648085
595,2023-02-04,12:00:00,Fog,Snowy,Severe,41.1743072792481,-86.85343086346413
596,2023-01-24,01:00:00,Snow,Dry,Moderate,37.79169312210298,-93.12936256872442
597,2023-01-23,19:00:00,Hail,Dry,Moderate,39.340461908168216,-106.21109133792835
598,2023-02-05,12:00:00,Rain,Snowy,Moderate,35.37855896961304,-114.58496713347358
599,2023-02-02,03:00:00,Clear,Snowy,Severe,35.538312150469366,-114.31669526735348
600,2023-02-04,07:00:00,Clear,Dry,Moderate,34.326948930131834,-79.54979238944291
601,2023-01-24,11:00:00,Hail,Icy,Moderate,35.35148050457732,-109.74970503709406
602,2023-02-08,01:00:00,Snow,Snowy,Minor,36.22872271225567,-104.09502282903262
603,2023-01-08,14:00:00,Snow,Wet,Minor,35.416083874213975,-108.25377470423952
604,2023-01-02,02:00:00,Hail,Wet,Moderate,34.70962027005645,-102.73515884922669
605,2023-01-23,20:00:00,Snow,Wet,Moderate,34.965086968804805,-115.01477476191799
606,2023-01-17,07:00:00,Clear,Snowy,Minor,37.686230144261806,-95.68042899094438
607,2023-01-30,01:00:00,Clear,Icy,Minor,35.65066974724634,-115.09265976553476
608,2023-02-02,19:00:00,Rain,Icy,Minor,36.914158888384605,-83.58467016363845
609,2023-01-21,07:00:00,Hail,Dry,Severe,38.02733816683885,-107.95038047785138
610,2023-01-28,09:00:00,Fog,Snowy,Severe,39.523158629034924,-94.77948767200604
611,2023-02-07,14:00:00,Fog,Icy,Minor,34.314497118728795,-80.1565992348573
612,2023-01-14,23:00:00,Rain,Snowy,Moderate,40.39528319127234,-90.01227313097066
613,2023-01-06,07:00:00,Rain,Dry,Minor,39.02320311592726,-95.08281517829258
614,2023-01-24,02:00:00,Snow,Dry,Severe,34.654072255590975,-104.05364861603886
615,2023-01-24,21:00:00,Rain,Dry,Moderate,40.98862899285422,-103.68091773849748
616,2023-01-01,12:00:00,Rain,Wet,Severe,41.366979204254505,-89.21206092647782
617,2023-01-07,10:00:00,Fog,Snowy,Moderate,34.48862367883891,-75.25200746748979
618,2023-01-26,00:00:00,Snow,Dry,Severe,36.21502118517763,-89.54091483647672
619,2023-01-01,12:00:00,Rain,Snowy,Moderate,40.44961023834449,-94.01531305308893
620,2023-01-14,18:00:00,Rain,Wet,Moderate,39.98607752306927,-86.58202805971241
621,2023-01-25,11:00:00,Snow,Wet,Moderate,35.47616815485102,-97.99615867180012
622,2023-01-19,04:00:00,Hail,Dry,Moderate,35.67479458669368,-115.41387926816624
623,2023-02-09,04:00:00,Snow,Dry,Severe,36.963776822331056,-93.82123691724988
624,2023-01-05,09:00:00,Fog,Icy,Severe,37.87618388152817,-76.82211276626865
625,2023-01-12,19:00:00,Hail,Snowy,Moderate,38.94603817224237,-110.46197347862064
626,2023-01-19,00:00:00,Clear,Dry,Moderate,36.95130911655818,-88.32978969471137
627,2023-01-10,05:00:00,Snow,Icy,Severe,37.700277729065185,-109.35985138766057
628,2023-02-08,15:00:00,Fog,Snowy,Moderate,39.97976750507005,-94.9594095676575
629,2023-01-13,06:00:00,Hail,Dry,Moderate,34.29346562312478,-113.84291266519105
630,2023-01-26,18:00:00,Snow,Icy,Moderate,36.01949555475217,-98.63404974089804
631,2023-01-05,17:00:00,Rain,Icy,Minor,39.70679668707642,-85.48497685750442
632,2023-02-11,18:00:00,Snow,Snowy,Moderate,41.161654701497596,-103.05442445772377
633,2023-01-11,08:00:00,Clear,Icy,Minor,38.09341953692533,-89.40879584704962
634,2023-01-19,23:00:00,Snow,Snowy,Moderate,38.256907882122526,-83.79565168604165
635,2023-01-22,00:00:00,Hail,Snowy,Severe,34.857376090718205,-78.13135376238353
636,2023-01-07,04:00:00,Hail,Snowy,Minor,37.57929893458764,-107.9103904802155
637,2023-02-05,14:00:00,Snow,Wet,Minor,38.26093813164019,-100.82941562019975
638,2023-01-08,08:00:00,Hail,Icy,Moderate,35.939764029077836,-111.44611142679204
639,2023-01-15,18:00:00,Rain,Snowy,Moderate,36.15394584759505,-75.32320940718986
640,2023-01-28,19:00:00,Snow,Dry,Minor,37.01827330483698,-78.1389583792553
641,2023-01-18,19:00:00,Rain,Wet,Severe,34.16056958222181,-94.78184339793594
642,2023-01-31,04:00:00,Rain,Wet,Severe,36.57663332466542,-81.79256834181388
643,2023-01-29,05:00:00,Fog,Icy,Moderate,35.691584055972356,-95.59880697730219
644,2023-01-29,02:00:00,Snow,Snowy,Severe,36.619978817423316,-91.18581541588134
645,2023-02-05,10:00:00,Hail,Icy,Severe,34.95809705455401,-114.16764941901128
646,2023-02-05,00:00:00,Rain,Wet,Moderate,41.12421824591916,-85.52337191863725
647,2023-01-28,22:00:00,Fog,Snowy,Severe,38.74873962843239,-112.5083202036849
648,2023-02-10,02:00:00,Snow,Dry,Moderate,39.43281855315592,-82.47909189914128
649,2023-01-14,17:00:00,Snow,Snowy,Minor,40.313369908858704,-84.37279223017342
650,2023-02-11,21:00:00,Clear,Wet,Moderate,37.98753759143246,-87.52397799705201
651,2023-01-29,16:00:00,Clear,Dry,Minor,34.69536230469939,-116.44510363743522
652,2023-01-27,09:00:00,Rain,Snowy,Minor,38.29685233454838,-104.96548069435087
653,2023-01-18,12:00:00,Clear,Dry,Severe,38.69472894416703,-106.68615949383376
654,2023-01-25,19:00:00,Rain,Dry,Severe,39.96351579347464,-102.51413447872469
655,2023-01-21,20:00:00,Hail,Wet,Severe,37.45327636983743,-114.23136188915494
656,2023-01-28,19:00:00,Rain,Dry,Moderate,35.02064242236451,-77.7108136096643
657,2023-02-01,20:00:00,Clear,Icy,Severe,36.270207246389795,-94.18650364936782
658,2023-01-18,18:00:00,Hail,Wet,Minor,36.90465837118908,-104.86245464170499
659,2023-02-08,09:00:00,Clear,Icy,Severe,39.167337930652806,-100.92979476580581
660,2023-01-04,11:00:00,Rain,Dry,Severe,38.5662264373513,-98.77029075829206
661,2023-01-05,00:00:00,Fog,Icy,Moderate,36.848773807182766,-92.17444366549346
662,2023-01-31,17:00:00,Snow,Snowy,Moderate,41.89212199034384,-95.8257846090506
663,2023-01-14,00:00:00,Clear,Dry,Minor,38.8461985548551,-78.46614515178005
664,2023-01-16,09:00:00,Rain,Snowy,Moderate,35.89781433388796,-96.6305702350493
665,2023-02-01,09:00:00,Hail,Icy,Severe,34.814259780963226,-75.33720536259756
666,2023-01-28,12:00:00,Clear,Snowy,Moderate,35.222873113474655,-81.38872681696088
667,2023-01-02,19:00:00,Clear,Dry,Minor,35.967661827076064,-109.03404788263455
668,2023-02-08,03:00:00,Snow,Snowy,Severe,35.28545098607645,-77.98440577031161
669,2023-02-02,14:00:00,Rain,Icy,Minor,35.49253619241045,-112.99624489092453
670,2023-02-09,01:00:00,Fog,Icy,Moderate,36.28076134955078,-82.84966253487876
671,2023-02-03,02:00:00,Hail,Icy,Moderate,35.38698876235804,-101.63319838050705
672,2023-01-05,18:00:00,Rain,Dry,Minor,41.1741233970114,-80.24710422086201
673,2023-01-09,16:00:00,Hail,Icy,Severe,34.64186996529314,-80.67356232537963
674,2023-01-19,08:00:00,Clear,Dry,Moderate,38.19609111656204,-83.3452077949423
675,2023-02-04,12:00:00,Snow,Snowy,Moderate,37.28317461591729,-84.02869123879637
676,2023-02-05,01:00:00,Snow,Icy,Severe,41.85902893526885,-104.89879701878425
677,2023-02-10,00:00:00,Fog,Snowy,Moderate,34.89631121734442,-114.52047082879616
678,2023-01-12,16:00:00,Snow,Wet,Minor,37.182844792365934,-100.67185231309806
679,2023-02-07,13:00:00,Clear,Snowy,Moderate,41.75576346620295,-110.53844585558012
680,2023-01-09,17:00:00,Fog,Wet,Moderate,40.924057007151845,-88.11710317719414
681,2023-01-24,04:00:00,Rain,Snowy,Severe,40.53657656759424,-103.11771175887522
682,2023-01-05,00:00:00,Snow,Dry,Minor,36.06322261635952,-76.04876136302366
683,2023-01-30,12:00:00,Fog,Snowy,Severe,35.36710069912053,-90.43820067415072
684,2023-01-16,03:00:00,Clear,Dry,Moderate,39.34914575939545,-82.63333576372247
685,2023-01-23,12:00:00,Hail,Dry,Moderate,41.435007913020684,-112.30143907210052
686,2023-01-23,15:00:00,Hail,Icy,Severe,38.454103144111436,-80.93337726227723
687,2023-02-02,02:00:00,Clear,Dry,Severe,38.5729015157592,-78.32144080792403
688,2023-01-04,07:00:00,Clear,Wet,Severe,36.23983274928227,-97.05633749078575
689,2023-01-19,10:00:00,Hail,Icy,Minor,40.15594346553549,-91.93112367670797
690,2023-01-28,12:00:00,Fog,Icy,Moderate,35.49634998846019,-85.1131785611712
691,2023-01-27,02:00:00,Hail,Snowy,Severe,36.58943389123395,-110.48193902780226
692,2023-01-22,11:00:00,Clear,Dry,Moderate,37.40349150893133,-96.38965871207198
693,2023-01-26,17:00:00,Snow,Dry,Minor,38.06088302947564,-100.85748980579054
694,2023-01-29,18:00:00,Rain,Wet,Minor,35.93927785932064,-111.70591833702329
695,2023-01-17,18:00:00,Snow,Snowy,Minor,34.91869459791363,-102.19601984146415
696,2023-02-07,12:00:00,Snow,Snowy,Minor,38.88496033953306,-115.06859069642378
697,2023-01-15,03:00:00,Clear,Icy,Moderate,36.309044425922046,-116.89008800117206
698,2023-01-13,06:00:00,Hail,Icy,Minor,38.6499057713809,-112.18784956634262
699,2023-01-11,14:00:00,Fog,Icy,Minor,35.23490172219362,-76.58605020166553
700,2023-01-04,14:00:00,Snow,Wet,Severe,37.84912081483854,-94.37022995651427
701,2023-02-09,09:00:00,Hail,Wet,Minor,38.26071546041268,-76.46964707041154
702,2023-01-12,23:00:00,Fog,Icy,Severe,34.41458829457942,-99.40259123180432
703,2023-01-18,20:00:00,Snow,Snowy,Minor,36.692834225551366,-104.59190627733383
704,2023-01-10,20:00:00,Fog,Wet,Minor,35.07531741551179,-96.2358998978695
705,2023-02-04,05:00:00,Hail,Snowy,Severe,34.50699976378214,-99.10099738878486
706,2023-01-13,11:00:00,Rain,Snowy,Minor,41.919681859119564,-113.45641857674501
707,2023-02-03,22:00:00,Hail,Dry,Moderate,36.57883075979778,-90.44446846832113
708,2023-02-10,09:00:00,Clear,Icy,Moderate,40.47899556683708,-108.71035815208722
709,2023-02-11,11:00:00,Fog,Dry,Minor,36.03712523811011,-91.35771793939332
710,2023-01-15,14:00:00,Rain,Icy,Moderate,39.45202177779144,-90.0413530268794
711,2023-01-09,09:00:00,Fog,Icy,Severe,40.081822879117496,-111.46293131546813
712,2023-01-24,03:00:00,Fog,Snowy,Minor,38.765109924862756,-115.36196603424126
713,2023-01-03,12:00:00,Snow,Icy,Minor,37.77260950840127,-84.42725179905709
714,2023-01-06,04:00:00,Clear,Snowy,Severe,37.29472731317815,-98.22858177791923
715,2023-01-10,15:00:00,Fog,Snowy,Severe,36.79094613234396,-115.49895679326454
716,2023-02-08,00:00:00,Hail,Icy,Severe,41.436233153982606,-75.2207483617
717,2023-01-12,07:00:00,Hail,Snowy,Minor,40.644955262301835,-115.51543587715624
718,2023-01-17,02:00:00,Snow,Snowy,Severe,41.7202152853321,-88.11348515908222
719,2023-01-22,15:00:00,Clear,Snowy,Severe,34.99437778788436,-75.70180621367322
720,2023-01-13,14:00:00,Clear,Wet,Moderate,39.846939801629155,-107.7152555187152
721,2023-02-03,05:00:00,Hail,Snowy,Moderate,41.506723654568304,-111.88327714645057
722,2023-01-12,11:00:00,Rain,Wet,Minor,35.44986452932528,-112.78044760483556
723,2023-01-19,13:00:00,Snow,Wet,Moderate,34.53197013893422,-104.95916865459338
724,2023-01-05,00:00:00,Snow,Snowy,Moderate,39.92896519432047,-113.65503012654219
725,2023-01-28,18:00:00,Hail,Snowy,Severe,38.595784905439295,-88.23706230715233
726,2023-01-18,19:00:00,Hail,Wet,Severe,40.73463021406618,-115.3214526804073
727,2023-01-26,01:00:00,Rain,Wet,Moderate,35.11817901301032,-96.09484848955904
728,2023-01-18,06:00:00,Rain,Snowy,Moderate,40.36213849487912,-75.14203528432199
729,2023-01-16,10:00:00,Clear,Snowy,Moderate,35.61301856038196,-82.99927841124119
730,2023-01-04,12:00:00,Snow,Icy,Minor,35.30924754292563,-91.54556415606653
731,2023-02-09,08:00:00,Snow,Wet,Minor,35.31412638344794,-104.8310943061757
732,2023-02-11,10:00:00,Hail,Wet,Minor,40.51659776185106,-91.17247903945955
733,2023-01-27,06:00:00,Clear,Icy,Moderate,39.3215777655696,-95.33721705179897
734,2023-01-02,15:00:00,Snow,Wet,Moderate,38.184523398152955,-99.67841449271403
735,2023-01-08,18:00:00,Clear,Dry,Minor,36.87064387298802,-112.37945380017142
736,2023-01-16,15:00:00,Clear,Wet,Minor,41.017604326504866,-79.87601874465993
737,2023-02-06,22:00:00,Hail,Icy,Moderate,37.139560859381085,-98.65926010068313
738,2023-02-03,20:00:00,Clear,Dry,Severe,40.53279551577262,-109.6312319917071
739,2023-01-19,19:00:00,Rain,Snowy,Minor,37.51307926856175,-102.18634791227655
740,2023-01-09,09:00:00,Rain,Icy,Moderate,37.015555435399264,-100.19242064125613
741,2023-01-07,04:00:00,Fog,Icy,Moderate,37.70143828535685,-82.4158704906244
742,2023-01-08,07:00:00,Hail,Snowy,Severe,36.41102299331314,-86.45458163585971
743,2023-02-05,07:00:00,Fog,Icy,Moderate,39.98087504141001,-84.91988957342238
744,2023-01-02,03:00:00,Rain,Wet,Moderate,38.021763120739834,-117.52565562956816
745,2023-01-03,18:00:00,Fog,Snowy,Minor,35.85770156117454,-100.10537807827026
746,2023-01-01,01:00:00,Hail,Icy,Minor,41.19659658619655,-97.30220147968109
747,2023-01-15,16:00:00,Hail,Snowy,Severe,37.07112977098569,-117.17473209660857
748,2023-01-04,00:00:00,Clear,Snowy,Severe,38.34842288891191,-106.82803202396353
749,2023-01-24,14:00:00,Snow,Snowy,Moderate,41.251776887716375,-85.3075376057482
750,2023-01-28,12:00:00,Clear,Dry,Minor,38.99390396731194,-112.10428265365304
751,2023-02-04,07:00:00,Hail,Icy,Severe,34.93518432566691,-94.98166434753855
752,2023-01-05,03:00:00,Rain,Dry,Severe,41.5186569889078,-108.74631950325879
753,2023-01-26,14:00:00,Rain,Icy,Severe,39.02166442457134,-117.4788066903126
754,2023-01-16,12:00:00,Clear,Wet,Moderate,36.67924491725669,-107.62833732321971
755,2023-02-08,04:00:00,Hail,Wet,Minor,35.1141765813071,-76.03742853886769
756,2023-02-08,22:00:00,Rain,Wet,Severe,40.35220151416237,-83.53390418903145
757,2023-01-29,13:00:00,Hail,Icy,Minor,38.960582047428105,-76.73820429419555
758,2023-01-13,12:00:00,Rain,Snowy,Severe,38.26768873581057,-97.02227611116642
759,2023-01-19,13:00:00,Hail,Snowy,Severe,41.15114066440766,-113.28134345686735
760,2023-01-28,08:00:00,Fog,Dry,Minor,40.308777689796244,-94.4377419741312
761,2023-02-08,08:00:00,Hail,Dry,Minor,35.21339903786201,-98.46177461392168
762,2023-01-01,04:00:00,Hail,Wet,Minor,36.49377654236439,-81.69264544219652
763,2023-01-09,16:00:00,Clear,Dry,Moderate,35.98791311851573,-113.78244902627748
764,2023-01-18,03:00:00,Fog,Icy,Severe,39.95157034058141,-97.00563110806354
765,2023-01-24,13:00:00,Snow,Icy,Moderate,34.26825947788623,-111.54790741815867
766,2023-02-04,13:00:00,Clear,Dry,Minor,38.559117478970535,-104.03893514372743
767,2023-01-09,20:00:00,Snow,Dry,Severe,40.099669485925524,-86.29364567232462
768,2023-01-24,08:00:00,Rain,Dry,Moderate,41.014125094094,-97.53122043714303
769,2023-01-07,01:00:00,Snow,Dry,Severe,36.73665398972726,-101.83680373873192
770,2023-02-02,07:00:00,Hail,Wet,Moderate,40.570058437376105,-101.03752002148849
771,2023-01-28,06:00:00,Snow,Wet,Minor,34.88505389564166,-98.24378895854258
772,2023-01-09,14:00:00,Clear,Dry,Moderate,40.77161833387615,-84.24428861500655
773,2023-01-19,21:00:00,Clear,Icy,Severe,35.01990929865586,-79.64035837556992
774,2023-02-08,12:00:00,Snow,Wet,Severe,37.17829832448294,-76.92060848033108
775,2023-02-11,04:00:00,Clear,Icy,Severe,40.37836292623643,-84.16315439102232
776,2023-01-18,19:00:00,Clear,Snowy,Severe,35.19933941879019,-104.43750348283545
777,2023-01-18,10:00:00,Snow,Icy,Minor,35.834011161861135,-88.41020763827869
778,2023-01-20,23:00:00,Fog,Dry,Moderate,39.77802054714453,-99.18306566561814
779,2023-01-20,18:00:00,Fog,Snowy,Minor,39.7602922923686,-107.0491632520198
780,2023-01-06,05:00:00,Rain,Wet,Minor,39.12918106308238,-81.84252208468533
781,2023-01-17,22:00:00,Clear,Wet,Minor,39.5515875557368,-116.34766699462003
782,2023-02-04,03:00:00,Snow,Snowy,Severe,38.34179554678077,-79.22423433817679
783,2023-02-06,03:00:00,Clear,Icy,Severe,36.01439247125562,-98.15646902113643
784,2023-02-03,03:00:00,Hail,Wet,Severe,36.765567948031354,-90.60033649724394
785,2023-01-24,13:00:00,Clear,Dry,Moderate,35.4527817344114,-89.64778134515134
786,2023-01-14,06:00:00,Clear,Snowy,Severe,41.26760449066903,-79.50993714961893
787,2023-01-17,11:00:00,Fog,Dry,Moderate,38.66713435812896,-90.62320366681008
788,2023-02-08,06:00:00,Snow,Snowy,Severe,37.20681133410912,-91.60085585531735
789,2023-01-29,00:00:00,Clear,Wet,Severe,37.696046429153064,-115.13396225589034
790,2023-01-27,04:00:00,Fog,Icy,Minor,41.578266716894525,-95.70845505635623
791,2023-01-19,20:00:00,Rain,Snowy,Minor,35.22681122492864,-111.54273296486721
792,2023-01-09,06:00:00,Fog,Snowy,Minor,38.68983865613438,-86.29034794497612
793,2023-01-21,09:00:00,Fog,Dry,Moderate,38.047109431075725,-95.974457405055
794,2023-02-04,17:00:00,Fog,Wet,Moderate,38.89163388347718,-88.75020549404081
795,2023-01-02,13:00:00,Clear,Dry,Severe,34.14488147056672,-116.20806527409748
796,2023-01-17,05:00:00,Clear,Wet,Moderate,40.97699127155321,-114.35394331003046
797,2023-01-27,04:00:00,Rain,Dry,Severe,41.4569462598689,-87.19809431330467
798,2023-02-06,08:00:00,Hail,Snowy,Moderate,38.52106546871367,-114.90037355205705
799,2023-01-19,15:00:00,Hail,Dry,Moderate,39.573206591015136,-114.93596070609388
800,2023-02-04,02:00:00,Hail,Icy,Moderate,41.37999504941837,-117.47933556489984
801,2023-02-08,10:00:00,Rain,Wet,Minor,39.65790907450719,-76.87043987312236
802,2023-01-16,13:00:00,Hail,Wet,Moderate,35.22031234331409,-86.2871405432627
803,2023-01-15,16:00:00,Hail,Snowy,Minor,38.61030688133451,-102.81018943441124
804,2023-01-19,21:00:00,Fog,Wet,Minor,38.85372037106285,-105.24897000463082
805,2023-01-25,15:00:00,Clear,Icy,Moderate,37.39304537041909,-102.96276112092846
806,2023-01-04,18:00:00,Clear,Dry,Severe,39.89155388499778,-84.68989815920918
807,2023-01-24,22:00:00,Fog,Snowy,Severe,41.474936118152115,-89.56106372397218
808,2023-02-02,21:00:00,Fog,Icy,Severe,41.404548103254214,-110.03659058169887
809,2023-01-28,19:00:00,Fog,Wet,Moderate,37.60671497123306,-110.51329858063437
810,2023-01-07,22:00:00,Clear,Wet,Severe,34.90590436672604,-113.76898706232392
811,2023-01-18,23:00:00,Hail,Icy,Minor,41.87872959169868,-89.60698305284245
812,2023-01-16,23:00:00,Fog,Dry,Severe,40.711184691567475,-85.13197552446536
813,2023-01-19,21:00:00,Rain,Dry,Moderate,34.997301449626136,-106.60300358202483
814,2023-02-11,20:00:00,Fog,Snowy,Severe,41.36673506093898,-117.09936667567075
815,2023-01-10,21:00:00,Snow,Wet,Minor,40.95917089649703,-114.46661829851362
816,2023-01-24,12:00:00,Fog,Icy,Moderate,38.15070445700858,-76.38201850166368
817,2023-02-04,07:00:00,Clear,Dry,Severe,38.730203485959436,-105.29587456847094
818,2023-01-11,08:00:00,Fog,Snowy,Moderate,37.192021630961044,-84.92340464296026
819,2023-02-04,07:00:00,Snow,Wet,Moderate,34.43809311057625,-91.13946653926666
820,2023-01-06,18:00:00,Rain,Wet,Moderate,36.681577933167205,-101.57659549492547
821,2023-02-07,06:00:00,Hail,Snowy,Severe,40.42282758878409,-109.15544772559113
822,2023-01-11,01:00:00,Fog,Snowy,Moderate,34.03705618403682,-112.78038401914553
823,2023-01-23,09:00:00,Snow,Dry,Severe,36.66799337352916,-91.55444237432874
824,2023-02-09,07:00:00,Snow,Icy,Minor,37.185349548727544,-84.69074743257511
825,2023-01-21,10:00:00,Rain,Wet,Severe,38.29916482350338,-90.31211709773137
826,2023-01-06,17:00:00,Clear,Icy,Minor,41.35884493130209,-95.19700827028619
827,2023-01-06,22:00:00,Fog,Wet,Severe,36.77076795492769,-116.19609739243964
828,2023-01-23,13:00:00,Snow,Wet,Moderate,36.77562561516982,-76.3549825634415
829,2023-01-08,16:00:00,Rain,Icy,Severe,39.90000998487799,-83.65528975885329
830,2023-01-06,16:00:00,Hail,Snowy,Moderate,37.617743527118456,-105.40865242185852
831,2023-02-06,02:00:00,Snow,Dry,Minor,35.79683858351986,-75.86127583756942
832,2023-01-02,23:00:00,Rain,Wet,Severe,37.619516129061545,-92.11909164563815
833,2023-01-04,09:00:00,Clear,Snowy,Moderate,35.1268561630384,-92.9558256970884
834,2023-01-27,05:00:00,Clear,Wet,Minor,35.41109589204979,-85.83285328453012
835,2023-01-30,00:00:00,Snow,Dry,Minor,37.986942181915836,-83.09389911212409
836,2023-02-02,16:00:00,Snow,Wet,Severe,37.351403596036384,-89.77141988474538
837,2023-01-09,19:00:00,Fog,Dry,Minor,41.3187672085448,-112.4918829062534
838,2023-01-16,07:00:00,Rain,Dry,Moderate,36.89915119293306,-103.45449724223657
839,2023-02-03,03:00:00,Snow,Wet,Minor,38.64470680222435,-78.09240346597986
840,2023-01-04,14:00:00,Fog,Wet,Minor,39.05811430335624,-108.34152869071437
841,2023-01-03,08:00:00,Fog,Dry,Moderate,34.10475565270667,-101.99681797498693
842,2023-01-18,10:00:00,Snow,Snowy,Minor,39.308298976133685,-99.42069403339957
843,2023-01-27,04:00:00,Clear,Icy,Minor,35.424287734958014,-99.10558544313855
844,2023-01-21,04:00:00,Rain,Dry,Minor,41.688562539755644,-91.6435979527354
845,2023-02-08,05:00:00,Rain,Wet,Minor,35.1893018220249,-77.44773897697758
846,2023-01-05,08:00:00,Clear,Wet,Moderate,37.31699298981619,-107.65021339120229
847,2023-01-31,16:00:00,Snow,Snowy,Minor,34.68279734462915,-112.77544081906052
848,2023-01-12,22:00:00,Rain,Icy,Moderate,41.97499401476758,-109.50876893602269
849,2023-01-03,08:00:00,Snow,Dry,Minor,38.01756008264994,-79.86222929100141
850,2023-01-03,10:00:00,Snow,Dry,Minor,38.76308013856035,-90.23013505582614
851,2023-01-07,11:00:00,Fog,Icy,Minor,34.53661181910742,-105.70600806271611
852,2023-01-21,08:00:00,Clear,Dry,Minor,39.999683763193424,-82.91428162434946
853,2023-01-13,08:00:00,Snow,Icy,Moderate,35.67924474476469,-80.96109015637225
854,2023-02-07,06:00:00,Hail,Wet,Moderate,41.184434315525706,-81.59988343631804
855,2023-01-29,15:00:00,Clear,Icy,Moderate,35.641117123856056,-78.48615905349916
856,2023-01-16,01:00:00,Rain,Dry,Severe,35.52550176530933,-107.15363613254546
857,2023-02-05,07:00:00,Fog,Icy,Minor,34.29239734278476,-85.53319706391002
858,2023-02-04,14:00:00,Rain,Snowy,Minor,37.77653556087999,-98.19680161721197
859,2023-01-16,23:00:00,Rain,Wet,Moderate,38.51872906610093,-81.79406222572734
860,2023-01-15,14:00:00,Clear,Wet,Severe,34.52566911542682,-86.67490088205064
861,2023-02-09,02:00:00,Rain,Icy,Minor,40.20422093356009,-84.61275980051184
862,2023-02-07,05:00:00,Snow,Dry,Moderate,37.62631067798422,-89.78504097971393
863,2023-01-24,00:00:00,Rain,Snowy,Minor,38.19512215462064,-110.3705629128026
864,2023-01-15,22:00:00,Fog,Wet,Minor,37.526101975505824,-94.56384248743166
865,2023-01-18,17:00:00,Fog,Wet,Moderate,37.206104487002605,-75.65920120044615
866,2023-01-05,22:00:00,Hail,Dry,Moderate,38.477122650465745,-77.6923131406239
867,2023-01-24,04:00:00,Fog,Dry,Minor,35.2419219674457,-116.1435293607285
868,2023-02-01,13:00:00,Rain,Snowy,Minor,35.455425043962165,-110.91296292363421
869,2023-01-21,00:00:00,Fog,Icy,Moderate,40.89428496810814,-112.33566274145383
870,2023-01-15,16:00:00,Clear,Dry,Minor,41.56892369706906,-86.7828638706323
871,2023-02-09,09:00:00,Fog,Icy,Minor,36.98647453023803,-82.83523081615135
872,2023-01-16,18:00:00,Snow,Snowy,Moderate,36.16595738514843,-108.8190112486411
873,2023-01-23,08:00:00,Clear,Icy,Minor,39.151996345912124,-96.24833420307135
874,2023-01-13,20:00:00,Hail,Wet,Minor,37.26987336878477,-81.8497697955184
875,2023-01-06,00:00:00,Snow,Icy,Severe,34.20309084528276,-86.48953357505123
876,2023-01-15,20:00:00,Rain,Snowy,Moderate,35.249220778929526,-94.68380016385052
877,2023-02-04,05:00:00,Rain,Snowy,Severe,39.72777783077918,-92.61504931027277
878,2023-01-21,21:00:00,Rain,Snowy,Severe,39.27139153528121,-96.14049648259996
879,2023-01-17,03:00:00,Snow,Icy,Severe,34.216767940027864,-105.20541659329072
880,2023-01-26,19:00:00,Snow,Wet,Minor,35.7757772954636,-93.70405430706231
881,2023-02-09,04:00:00,Snow,Dry,Minor,35.84859837270457,-88.3779320118461
882,2023-01-12,10:00:00,Clear,Wet,Severe,39.375141948789825,-80.44711461798528
883,2023-01-27,00:00:00,Clear,Icy,Severe,34.157684302034916,-90.63947177889233
884,2023-01-21,22:00:00,Rain,Icy,Severe,34.83286865587659,-85.27177390714421
885,2023-02-07,08:00:00,Fog,Dry,Minor,40.39932868298551,-111.11691969695336
886,2023-01-05,03:00:00,Rain,Icy,Severe,35.42835729643467,-98.15302859994904
887,2023-02-06,15:00:00,Hail,Snowy,Severe,39.221968862815,-117.59874034743498
888,2023-01-06,06:00:00,Clear,Snowy,Moderate,35.90546224837381,-107.39280882557021
889,2023-02-11,12:00:00,Snow,Snowy,Moderate,34.795531142074765,-86.76214625014079
890,2023-01-19,14:00:00,Clear,Snowy,Minor,35.94537752799563,-75.35217209197737
891,2023-01-22,23:00:00,Snow,Snowy,Moderate,39.77813545484527,-113.73534171774972
892,2023-01-12,16:00:00,Hail,Icy,Moderate,40.84557174485029,-100.73574441796461
893,2023-01-05,08:00:00,Hail,Dry,Moderate,40.641758916535935,-83.59694834593614
894,2023-02-01,02:00:00,Clear,Dry,Minor,37.17746823694764,-109.22646771095735
895,2023-02-05,17:00:00,Snow,Snowy,Moderate,39.34468109256517,-94.13134718000168
896,2023-01-05,14:00:00,Hail,Icy,Minor,35.63987436332657,-86.47793427072398
897,2023-01-09,03:00:00,Rain,Wet,Severe,36.34518184208811,-91.5126256388123
898,2023-02-01,15:00:00,Rain,Wet,Moderate,41.17068654816896,-109.9149364115371
899,2023-01-28,23:00:00,Snow,Icy,Minor,34.10401538808589,-102.7184635465132
900,2023-02-01,07:00:00,Clear,Snowy,Moderate,34.68406824683574,-84.29695326712792
901,2023-02-02,19:00:00,Hail,Dry,Severe,35.66309004116822,-94.16825989232328
902,2023-01-07,01:00:00,Clear,Icy,Minor,34.21225763099056,-117.77512661765475
903,2023-02-11,08:00:00,Rain,Wet,Minor,35.45148348071838,-85.27739731879197
904,2023-02-05,10:00:00,Hail,Wet,Minor,38.664332487757534,-116.48161173756972
905,2023-01-22,18:00:00,Clear,Wet,Severe,37.37139640473998,-85.93344734255702
906,2023-01-12,19:00:00,Fog,Snowy,Severe,41.1413736886158,-109.29333591289479
907,2023-01-22,10:00:00,Snow,Wet,Severe,40.539548493907525,-76.80284035486665
908,2023-01-28,07:00:00,Snow,Icy,Minor,36.73453881358301,-102.17854769401036
909,2023-01-26,05:00:00,Fog,Icy,Severe,36.07538746745034,-103.9419404974626
910,2023-01-07,09:00:00,Rain,Wet,Moderate,37.03753926533813,-111.59781383570488
911,2023-02-06,08:00:00,Hail,Icy,Severe,38.72235954011846,-104.85901873392076
912,2023-01-28,05:00:00,Snow,Wet,Minor,36.14450912658301,-80.30401724138738
913,2023-01-03,01:00:00,Fog,Wet,Moderate,38.993191262793076,-75.15762348202836
914,2023-01-04,04:00:00,Fog,Dry,Severe,37.27529321752992,-102.16269018820552
915,2023-01-05,14:00:00,Rain,Snowy,Moderate,38.416377446815844,-98.70974286895466
916,2023-02-06,11:00:00,Rain,Snowy,Moderate,37.48901223308253,-86.95094965728231
917,2023-01-12,07:00:00,Clear,Dry,Minor,36.355726076335344,-79.8935814400018
918,2023-02-04,02:00:00,Snow,Dry,Moderate,41.587626455697254,-92.49909362996829
919,2023-01-29,12:00:00,Clear,Snowy,Moderate,40.10884635327809,-101.16439497835334
920,2023-01-24,10:00:00,Fog,Wet,Minor,35.12090540613162,-100.25726084350919
921,2023-01-06,13:00:00,Hail,Wet,Minor,40.9477438071833,-88.0884197006373
922,2023-01-11,00:00:00,Hail,Snowy,Minor,37.89944958599611,-117.86161466501602
923,2023-01-28,08:00:00,Rain,Wet,Moderate,41.15641781515273,-91.35765848922685
924,2023-02-01,08:00:00,Hail,Dry,Moderate,40.39884204757852,-102.71380055102163
925,2023-01-17,23:00:00,Hail,Wet,Moderate,37.40170803575387,-83.84951475508538
926,2023-01-21,02:00:00,Hail,Wet,Minor,34.17975446656094,-114.00140248760532
927,2023-01-20,00:00:00,Fog,Icy,Severe,36.14941887507957,-92.7073025212192
928,2023-01-22,20:00:00,Hail,Icy,Moderate,38.333073717286936,-97.31816573489668
929,2023-02-10,18:00:00,Hail,Icy,Severe,39.067825758609175,-90.38000238607522
930,2023-01-08,23:00:00,Hail,Wet,Minor,36.063101483465616,-115.21129543723237
931,2023-01-01,05:00:00,Clear,Snowy,Moderate,35.11484859258259,-93.06069714059035
932,2023-02-09,15:00:00,Fog,Dry,Severe,40.679441894394394,-93.85616271774049
933,2023-01-24,20:00:00,Rain,Wet,Moderate,41.875217445628415,-93.89161594010466
934,2023-01-22,23:00:00,Clear,Snowy,Moderate,38.20552145842149,-92.05003033635245
935,2023-01-25,15:00:00,Snow,Wet,Moderate,35.37343428678643,-88.91187869926642
936,2023-01-23,21:00:00,Fog,Dry,Severe,36.178458612154955,-83.38547301372691
937,2023-02-06,02:00:00,Fog,Wet,Minor,34.14712541237974,-106.39770903448678
938,2023-01-07,10:00:00,Snow,Dry,Moderate,41.31439045248399,-82.52287536225734
939,2023-01-28,19:00:00,Snow,Wet,Minor,34.94200866312113,-96.57500566267149
940,2023-01-13,15:00:00,Snow,Dry,Minor,38.61213180411403,-114.68649399722376
941,2023-01-26,02:00:00,Rain,Wet,Severe,36.19244176549765,-115.4823100425089
942,2023-02-01,02:00:00,Hail,Dry,Severe,38.433424020126346,-103.62775229606939
943,2023-02-04,01:00:00,Fog,Icy,Minor,39.211363106814915,-84.2494299842069
944,2023-02-05,16:00:00,Hail,Wet,Moderate,40.63793442965761,-87.56971980614063
945,2023-01-25,11:00:00,Hail,Wet,Severe,35.651370174084825,-84.08955651908653
946,2023-01-29,22:00:00,Snow,Snowy,Moderate,34.08796662926785,-95.7574305730108
947,2023-02-01,19:00:00,Rain,Snowy,Moderate,35.09508504055046,-99.0714430879139
948,2023-01-10,19:00:00,Clear,Dry,Moderate,41.20014913478484,-111.65954135162978
949,2023-01-05,06:00:00,Rain,Wet,Minor,40.99112062050012,-103.8877115947996
950,2023-01-25,09:00:00,Hail,Dry,Moderate,38.779304817362465,-99.33716725452337
951,2023-01-18,15:00:00,Rain,Icy,Minor,38.804134883469224,-114.19018152377646
952,2023-02-09,21:00:00,Snow,Snowy,Minor,39.32029339637005,-108.51368603341791
953,2023-01-09,18:00:00,Clear,Dry,Moderate,35.4029702289876,-92.27631235525924
954,2023-01-17,00:00:00,Snow,Dry,Moderate,41.31529556739968,-86.36648608771483
955,2023-01-17,12:00:00,Clear,Snowy,Moderate,37.350164199136586,-75.07105701010317
956,2023-02-08,23:00:00,Hail,Wet,Moderate,37.06510822599598,-77.87612675222702
957,2023-01-30,14:00:00,Clear,Dry,Minor,38.1513416422627,-90.36969641998677
958,2023-01-30,13:00:00,Clear,Snowy,Moderate,34.37572773420044,-99.8863337083549
959,2023-02-01,15:00:00,Clear,Wet,Moderate,35.33026695004864,-90.644373317546
960,2023-01-21,14:00:00,Rain,Icy,Minor,39.90426893141096,-84.21698042255002
961,2023-02-01,18:00:00,Rain,Snowy,Severe,34.66238934340101,-112.91154379029435
962,2023-01-20,01:00:00,Hail,Dry,Severe,38.82521687573111,-100.37408974305961
963,2023-01-29,15:00:00,Clear,Icy,Minor,35.96279287745057,-81.88850171766846
964,2023-02-09,18:00:00,Fog,Wet,Severe,37.114364912335816,-101.49518306687911
965,2023-02-10,10:00:00,Hail,Wet,Minor,36.3095498941656,-93.40949233723097
966,2023-01-31,17:00:00,Clear,Snowy,Moderate,36.84538173171959,-92.72591748292548
967,2023-01-04,19:00:00,Clear,Snowy,Moderate,39.75236724147396,-110.06752111525351
968,2023-01-26,07:00:00,Rain,Snowy,Severe,36.3769737249854,-102.4238760089516
969,2023-02-09,23:00:00,Hail,Wet,Moderate,38.531237122375174,-103.61601458409692
970,2023-01-29,03:00:00,Clear,Icy,Severe,37.8084032175928,-116.87354153312121
971,2023-02-01,08:00:00,Clear,Wet,Severe,39.30936932290118,-116.95975415267172
972,2023-02-02,16:00:00,Hail,Dry,Moderate,41.494637914598066,-82.23702712194174
973,2023-02-07,11:00:00,Fog,Wet,Moderate,39.860576777682,-106.25795517116907
974,2023-01-16,05:00:00,Hail,Dry,Severe,35.71952302872605,-95.72261305173093
975,2023-01-07,12:00:00,Hail,Icy,Moderate,34.249465080490275,-105.15480033568275
976,2023-01-02,18:00:00,Fog,Snowy,Minor,36.0981123543986,-77.55079246004036
977,2023-01-22,12:00:00,Hail,Snowy,Moderate,38.760623445602036,-106.85023936877172
978,2023-01-14,18:00:00,Clear,Wet,Moderate,34.411406507874005,-99.5247570522258
979,2023-02-04,19:00:00,Hail,Snowy,Minor,37.97092997760989,-80.47259922916211
980,2023-01-05,16:00:00,Fog,Icy,Moderate,38.774742791335115,-81.79685662795222
981,2023-02-09,13:00:00,Snow,Snowy,Moderate,36.673951126535684,-109.99763903261008
982,2023-02-05,00:00:00,Hail,Wet,Severe,40.167297629966576,-83.48633767878445
983,2023-01-15,12:00:00,Rain,Icy,Moderate,34.85278602507017,-98.29796387027062
984,2023-02-06,16:00:00,Clear,Dry,Moderate,34.60110225388647,-97.23233850032972
985,2023-01-31,11:00:00,Clear,Wet,Minor,39.825510049628825,-112.26036118611442
986,2023-02-05,05:00:00,Rain,Dry,Severe,37.96393052964959,-114.53413490844363
987,2023-02-04,20:00:00,Rain,Icy,Severe,39.50721917142189,-86.6986098001281
988,2023-01-07,21:00:00,Hail,Wet,Severe,37.47861870882997,-96.6521704487221
989,2023-01-24,23:00:00,Rain,Wet,Moderate,35.97121626591286,-99.21541978754728
990,2023-02-03,10:00:00,Snow,Icy,Severe,40.5528185413936,-86.63114616794694
991,2023-01-14,08:00:00,Fog,Snowy,Minor,40.39532703175183,-85.08294534338228
992,2023-01-19,05:00:00,Rain,Wet,Severe,39.557571766835416,-111.1669487902178
993,2023-02-04,01:00:00,Rain,Wet,Minor,36.1771610978397,-91.76031857246143
994,2023-01-01,15:00:00,Snow,Dry,Severe,38.7218453349527,-112.17977446205953
995,2023-02-09,08:00:00,Clear,Snowy,Severe,36.88779117552021,-85.69087130075104
996,2023-01-21,18:00:00,Clear,Dry,Minor,34.732656586613075,-89.750928280513
997,2023-01-30,05:00:00,Hail,Dry,Severe,41.338508603697946,-76.8655712934113
998,2023-01-12,04:00:00,Snow,Snowy,Severe,35.09454904735169,-115.0348052966739
999,2023-01-30,02:00:00,Fog,Snowy,Severe,41.60189883056642,-115.54664699049606
1000,2023-01-05,17:00:00,Fog,Icy,Moderate,37.56804618366365,-105.8659557881924
